"title","author","publication_year","genre","synopsis"
"Novelas de aventuras medievales","Isabel Lozano Renieblas","2003","Adventure stories, Spanish","Obra de Isabel Lozano Renieblas, publicada en 2003."
"La novela romántica en España","Russell P. Sebold","2002","Literary Criticism","Obra de Russell P. Sebold, publicada en 2002."
"Las 10 mejores novelas de la literatura boliviana","Carlos D. Mesa G.","2004","Authors, Bolivian","Obra de Carlos D. Mesa G., publicada en 2004."
"La novela en Colombia","Roberto Cortázar","1908","Colombian fiction","Obra de Roberto Cortázar, publicada en 1908."
"Indice de escritores latinoamericanos","Jorge Ruiz Gusils","2002","Reference","Obra de Jorge Ruiz Gusils, publicada en 2002."
"Orígenes de la novela: 1 of the series Introducción; tratado histórico sobre la primitiva novela española","Marcelino Menéndez y Pelayo","1905","Spanish fiction","Obra de Marcelino Menéndez y Pelayo, publicada en 1905."
"Origenes de la novela","Marcelino Menéndez y Pelayo","1910","Spanish literature","Obra de Marcelino Menéndez y Pelayo, publicada en 1910."
"José Donoso","Miguel Angel Náter","2007","Chilean literature","Obra de Miguel Angel Náter, publicada en 2007."
"Las Mejores Novelas Contemporáneas","Joaquín de Entrambasaguas","1957","Spanish fiction","Obra de Joaquín de Entrambasaguas, publicada en 1957."
"Dos novelas","Alonso Jerónimo de Salas Barbadillo","1894","Ficción","Obra de Alonso Jerónimo de Salas Barbadillo, publicada en 1894."
"Tres novelas ejemplares y un prólogo","Miguel de Unamuno","1920","Fiction","Obra de Miguel de Unamuno, publicada en 1920."
"Novelas cortas","Pedro Antonio de Alarcón","1881","Ficción","Obra de Pedro Antonio de Alarcón, publicada en 1881."
"De mi vida y milagros","Luis Bonafoux y Quintero","1909","Ficción","Obra de Luis Bonafoux y Quintero, publicada en 1909."
"Coleccion de obras completas: Alivio de caminantes","Ricardo León","1929","Ficción","Obra de Ricardo León, publicada en 1929."
"La altísima","Felipe Trigo","1920","Ficción","Obra de Felipe Trigo, publicada en 1920."
"Lope de Vega, Shakespeare, Ibsen, Wilde, Don Juan","Ramón Pérez de Ayala","1924","Drama","Obra de Ramón Pérez de Ayala, publicada en 1924."
"Obras completas de Ramón Pérez de Ayala: El sendero innumerable. 1924","Ramón Pérez de Ayala","1924","Ficción","Obra de Ramón Pérez de Ayala, publicada en 1924."
"Troteras y danzaderas","Ramón Pérez de Ayala","1923","Ficción","Obra de Ramón Pérez de Ayala, publicada en 1923."
"Resumen de historia de la literatura española","Ernest Mérimée","1929","Spanish literature","Obra de Ernest Mérimée, publicada en 1929."
"Al pie de la torre Eiffel","Emilia Pardo Bazán (condesa de)","1899","Ficción","Obra de Emilia Pardo Bazán (condesa de), publicada en 1899."
"Subject Catalog","Library of Congress","1976","Catalogs, Subject","Obra de Library of Congress, publicada en 1976."
"Bulletin of the Public Library of the City of Boston","Boston Public Library","1892","Boston (Mass.)","Obra de Boston Public Library, publicada en 1892."
"Cervantes","José de Castro y Serrano","1904","Ficción","Obra de José de Castro y Serrano, publicada en 1904."
"Escorzos","J. Graterol y Morales","1900","Venezuelan essays","Obra de J. Graterol y Morales, publicada en 1900."
"Catalog","University of Texas. Library. Latin American Collection","1969","Latin America","Obra de University of Texas. Library. Latin American Collection, publicada en 1969."
"Catálogo de libros españoles ó relativos a España antiguos y modernos, puestos en venta a los precios marcados","García Ríco, firm, booksellers, Madrid","1920","Booksellers' catalogs","Obra de García Ríco, firm, booksellers, Madrid, publicada en 1920."
"El miedo de los felices","Felipe Sassone","1914","Ficción","Obra de Felipe Sassone, publicada en 1914."
"Subject Index of Modern Books Acquired","British Library","1971","Best books","Obra de British Library, publicada en 1971."
"Труды По Романо-германской Филологии","Tartu Riiklik Ülikool","1979","Germanic philology","Obra de Tartu Riiklik Ülikool, publicada en 1979."
"Classed List","Princeton University. Library","1920","Classified catalogs","Obra de Princeton University. Library, publicada en 1920."
"La Lectura","Francisco López Acebal","1918","Periodicals","Obra de Francisco López Acebal, publicada en 1918."
"Index to Latin American Periodical Literature, 1929-1960","Columbus Memorial Library","1962","Latin America","Obra de Columbus Memorial Library, publicada en 1962."
"The British Library general catalogue of printed books to 1975","British Library","1984","Reference","Obra de British Library, publicada en 1984."
"Folletos literarios","Leopoldo Alas","1886","Spanish literature","Obra de Leopoldo Alas, publicada en 1886."
"Folletos literarios ...: Apolo en Pafos","Leopoldo Alas","1887","Spanish literature","Obra de Leopoldo Alas, publicada en 1887."
"Sáhara","Clive Cussler","2005","Fiction","Searching for a treasure on the Nile, Dirk Pitt thwarts the attempted assassination of a beautiful U.N. scientist investigating a disease that is driving thousands of North Africans into madness, can…"
"Inter-America","James Cook Bardin","1922","Latin America","Consists of English translations of articles in the Spanish American press."
"En el país del arte","Vicente Blasco Ibáñez","1919","Italy","Obra de Vicente Blasco Ibáñez, publicada en 1919."
"Serie Sobre Bibliotecas y Bibliografía","Pan American Union","1930","Ficción","Obra de Pan American Union, publicada en 1930."
"Catalogue of the Printed Books in the Library of the British Museum","British Library","1946","Ficción","Obra de British Library, publicada en 1946."
"Catalogue of Printed Books","British Museum","1896","Ficción","Obra de British Museum, publicada en 1896."
"Catalogue of Printed Books","British Museum. Department of Printed Books","1908","English newspapers","Obra de British Museum. Department of Printed Books, publicada en 1908."
"The Street of Clocks","Thomas Lux","1913","Poetry","The Street of Clocks, Thomas Lux's first all-new collection since 1994, is a significant addition to the work of an utterly original, highly accomplished poet. The poems gathered here are delivered b…"
"Library Notes","North Carolina College for Women. Library","1926","Classified catalogs","Obra de North Carolina College for Women. Library, publicada en 1926."
"Classified List","Princeton University. Library","1920","Classified catalogs","Obra de Princeton University. Library, publicada en 1920."
"Tierra de jaguares","Hugo Wast","1927","Spanish language","Obra de Hugo Wast, publicada en 1927."
"Amor triunfante","Georg Ebers","1904","Ficción","Obra de Georg Ebers, publicada en 1904."
"Obras completas de Ramón Pérez de Ayala: La pata de la raposa","Ramón Pérez de Ayala","1923","Ficción","Obra de Ramón Pérez de Ayala, publicada en 1923."
"Asi es nuestro rey: El libro de ""La monarquia.""","Benigno Varela","1914","Ficción","Obra de Benigno Varela, publicada en 1914."
"Obras completas","Juan Valera","1914","Ficción","Obra de Juan Valera, publicada en 1914."
"Library of Congress Catalogs","Library of Congress","1977","Monographic series","Obra de Library of Congress, publicada en 1977."
"Principios de literatura general e Historia de la literatura española","Manuel de la Revilla","1872","Ficción","Obra de Manuel de la Revilla, publicada en 1872."
"Dictionary Catalog of the Research Libraries of the New York Public Library, 1911-1971","New York Public Library. Research Libraries","1979","Library catalogs","Obra de New York Public Library. Research Libraries, publicada en 1979."
"Sí sé por qué","Felipe Trigo","1920","Ficción","Obra de Felipe Trigo, publicada en 1920."
"Monthly Bulletin of the Philippine Library and Museum","National Library (Philippines)","1913","Libraries","Obra de National Library (Philippines), publicada en 1913."
"Mamá; comedia en tres actos","Gregorio Martínez Sierra","1912","Ficción","Obra de Gregorio Martínez Sierra, publicada en 1912."
"Historia de España","Miguel Romera-Navarro","1923","Spain","Obra de Miguel Romera-Navarro, publicada en 1923."
"Obras completas de Diego Barros Arana ...","Diego Barros Arana","1908","America","Obra de Diego Barros Arana, publicada en 1908."
"Monthly Bulletin","San Francisco Free Public Library","1914","Classified catalogs (Dewey decimal)","Obra de San Francisco Free Public Library, publicada en 1914."
"Los Mohicanos de París","Alexandre Dumas","1889","Ficción","Obra de Alexandre Dumas, publicada en 1889."
"Mirando á Loyola","Julio Cejador y Frauca","1913","Ficción","Obra de Julio Cejador y Frauca, publicada en 1913."
"Author-title Catalogue","Ontario New Universities Library Project","1967","Ficción","Obra de Ontario New Universities Library Project, publicada en 1967."
"Elementos del derecho romano","Ferdinand Mackeldey","1876","Ficción","Obra de Ferdinand Mackeldey, publicada en 1876."
"Historia de la Literatura Mexicana Desde Los Orígenes Hasta Nuestros Días","Carlos González Peña","1929","Mexican literature","Obra de Carlos González Peña, publicada en 1929."
"Catalogue","Hispanic Society of America. Library","1962","Brazilian literature","Obra de Hispanic Society of America. Library, publicada en 1962."
"Bulletin of the Philippine Library","National Library (Philippines)","1912","Classified catalogs","Obra de National Library (Philippines), publicada en 1912."
"Solos de Clarín","Leopoldo Alas","1891","Spanish literature","Obra de Leopoldo Alas, publicada en 1891."
"Widener Library Shelflist: Spanish history and literature","Harvard University. Library","1972","Library catalogs","Obra de Harvard University. Library, publicada en 1972."
"Cracking the AP Spanish Exam, 2006-2007","Mary Leech","2006","Education","Provides techniques for achieving high scores on the AP Spanish exam and offers 2 sample tests with answers and explanations."
"Madame Bovary","Gustave Flaubert","2016","Ficción","Madame Bovary es una novela escrita por Gustave Flaubert. Se publicó por entregas en La Revue de Paris desde el 1 de octubre de 1856 hasta el 15 de diciembre del mismo año; en forma de libro, en 1857…"
"Sangre y arena; novela","Vicente 1867-1928 Blasco Ibáñez","2022","History","This work has been selected by scholars as being culturally important, and is part of the knowledge base of civilization as we know it. This work is in the ""public domain in the United States of Amer…"
"General Catalogue of Printed Books to 1955","British Museum. Department of Printed Books","1967","English imprints","Obra de British Museum. Department of Printed Books, publicada en 1967."
"Sangre y arena","Vicente Blasco Ibáñez","1928","Ficción","Obra de Vicente Blasco Ibáñez, publicada en 1928."
"Noli Me Tángere: Novela Tagala...","Jose Rizal","2018","History","This work has been selected by scholars as being culturally important, and is part of the knowledge base of civilization as we know it. This work was reproduced from the original artifact, and remain…"
"Cecilia Valdés; o, La loma del Angel","Cirilo Villaverde","1915","Ficción","Obra de Cirilo Villaverde, publicada en 1915."
"Angeles del abismo","Enrique Serna","2004","Fiction","Inspirada en un proceso inquisitorial del siglo XVII, narra la historia de la falsa beata Crisanta Cruz y el indio apóstata Tlacotzin, una pareja de amantes enfrentados a la sociedad de castas y al p…"
"Manual de quijotismo ; Cómo se hace una novela . Epistolario Miguel de Unamuno / Jean Cassou","Miguel de Unamuno","2005","Juvenile Nonfiction","Obra de Miguel de Unamuno, publicada en 2005."
"El señor presidente","Miguel Ángel Asturias","1955","Ficción","Obra de Miguel Ángel Asturias, publicada en 1955."
"Persuasión","Jane Austen","2020","Ficción","Persuasión es la última novela escrita por Jane Austen. La empezó a escribir poco tiempo después de haber terminado Emma, la terminó de escribir en agosto de 1816. Austen murió a la edad de 41 años e…"
"La Novela picaresca española: Lazarillo de Tormes. Guzmán de Alfarache","Francisco Rico","1967","Picaresque literature","Obra de Francisco Rico, publicada en 1967."
"El Abuelo","Benito Pérez Galdós","2015","Ficción","Esta novela cierra el ciclo espiritualista de Galdós y es también la última de la serie de sus novelas contemporáneas. Está escrita en forma dialogada, pero le llama novela porque ""en toda novela en…"
"Tormenta de verano","Juan García Hortelano","1969","Ficción","Obra de Juan García Hortelano, publicada en 1969."
"Ojos Azules","Guel Levi","2024","Literary Collections","OJOS AZULES (Novela-guion cinematográfico) Esta historia comienza justo en tiempos de la Revolución Mexicana, es protagonizada por una familia judía en México, Estados Unidos y España. La novela reme…"
"Novela de ajedrez","Stefan Zweig","2024","Juvenile Nonfiction","Un crucero que cubre la ruta de Nueva York a Buenos Aires es el escenario de una singular partida de ajedrez. El arrogante campeó n del mundo, que acude a la capital argentina a defender su tí tulo,…"
"Vida del ahorcado","Pablo Palacio","2009","Fiction","La novela subjetiva Vida del ahorcado fue escrita en 1931 y publicada un año más tarde. Desde el primer momento Pablo Palacio intentó que su novela fuese publicada en España, pero han debido de trans…"
"Los Cuatro Jinetes del Apocalipsis: (novela)","Vicente Blasco Ibanez","2018","Fiction","This work has been selected by scholars as being culturally important, and is part of the knowledge base of civilization as we know it. This work was reproduced from the original artifact, and remain…"
"ESTA PUTA NOVELA","JESUS ALFREDO ARIZA BARDON","2022","Fiction","Esta puta novela, basada en hechos reales, narra una parte de mi vida en donde se suman la aventura, el desafío y hasta la locura. No es Harry Potter, El Señor de los Anillos ni Comer, rezar y amar .…"
"Las plazas","José Miguel Desuárez","2006","Juvenile Nonfiction","Obra de José Miguel Desuárez, publicada en 2006."
"El movimiento popular estudiantil de 1968 en la novela mexicana","Gonzalo Martré","1998","Mexican fiction","Obra de Gonzalo Martré, publicada en 1998."
"La novela española del siglo XX.","José Domingo","1973","Spanish fiction","Obra de José Domingo, publicada en 1973."
"La ciudad de los prodigios (novela gráfica)","Claudio Stassi","2020","Comics & Graphic Novels","Una de las novelas más queridas y leídas en todo el mundo se convierte en novela gráfica gracias al trazo de Claudio Stassi En el período comprendido entre las dos Exposiciones Universales de Barcelo…"
"Los Insurgentes","Juan Antonio Mateos","2014","Ficción","This is a reproduction of a book published before 1923. This book may have occasional imperfections such as missing or blurred pages, poor pictures, errant marks, etc. that were either part of the or…"
"La novela de la Revolución Mexicana","Antonio Castro Leal","1972","Mexican fiction","Obra de Antonio Castro Leal, publicada en 1972."
"Alas abiertas","Alfonso Teja Zabre","1920","Ficción","Obra de Alfonso Teja Zabre, publicada en 1920."
"Noé nace cada día","Ramiro Torres Septién","1960","Alcoholism","Obra de Ramiro Torres Septién, publicada en 1960."
"La novela artúrica","Victoria Cirlot","1995","Arthurian romances","Obra de Victoria Cirlot, publicada en 1995."
"Novela picaresca española","Alonso Zamora Vicente","1974","Novela picaresca española","Obra de Alonso Zamora Vicente, publicada en 1974."
"La novela-álbum","Gloria Da Cunha","2016","Literary Criticism","La novela-album es un libro esencial para entender un tendencia narrativa del siglo XXI que la expresion designa. Valiendose de la nocion de album de Ludwig Wittgenstein y de ideas de Italo Calvino y…"
"Los gañanes","J. Lamberto Moreno","1949","Ficción","Obra de J. Lamberto Moreno, publicada en 1949."
"Tinieblas En Las Cumbres (Historias de Libertinaje)","Ramon Perez De Ayala","2018","Ficción","Excerpt from Tinieblas en las Cumbres (Historias de Libertinaje): Novela Póstuma He estudiado en un colegio en donde usted fué profesor de retórica y poética, de matema ticas, de psicología, lógica y…"
"La Dura verdad","Sara Insúa","1928","Ficción","Obra de Sara Insúa, publicada en 1928."
"La Espuma, Vol. 1","Armando Palacio Valdés","2018","Fiction","Excerpt from La Espuma, Vol. 1: Novela de Costumbres Contemporáneas A las tres de la tarde el sol enfilaba todavía sus rayos por la calle de Serrano bañándola casi toda de viva y rojiza luz, que harí…"
"Sacerdote y caudillo","Juan Antonio Mateos","1957","Mexico","Obra de Juan Antonio Mateos, publicada en 1957."
"La novena sinfonía","José María Vargas Vila","1928","Spanish fiction","Obra de José María Vargas Vila, publicada en 1928."
"Trilogía","Valentin Mendoza","2013","Fiction","En el libro Las piedras del baco, el poeta Medar Serrata se pregunta: "" Quien es el ser que mira cuando cierro los parpados?"" Y esa pregunta coloca al lector ante el enigma de que realmente somos y c…"
"Las Hijas De Eva","Rafael Del Castillo","2023","Ficción","En esta novela, Rafael del Castillo explora la vida de las mujeres en la sociedad española del siglo XIX. A través de las historias de varias mujeres, el autor describe las costumbres y las dificulta…"
"La Araña Negra, Novela (Classic Reprint)","Blasco Ibáñez","2018","Fiction","Excerpt from La Araña Negra, Novela Alvarez no supo nunca nada de aquel hombre, cuyo recuerdo quedó fijo por siempre en su memoria. Su encuentro con aquel viejo habia sido de esos que ocurren en la v…"
"La Tristeza Errante","Wenceslao Emilio Retana","2018","Fiction","This work has been selected by scholars as being culturally important, and is part of the knowledge base of civilization as we know it. This work was reproduced from the original artifact, and remain…"
"Mi enamorada la muerte","Juan Alarcón Benito","1950","Tuberculosis","Obra de Juan Alarcón Benito, publicada en 1950."
"El Amor, El Dandysmo Y La Intriga","Pio Baroja","2018","Fiction","This work has been selected by scholars as being culturally important, and is part of the knowledge base of civilization as we know it. This work was reproduced from the original artifact, and remain…"
"La vida despues de los cincuenta en la burbuja","Diana Margarita Canton Martinez-Ruiz","2020","Ficción","Es una novela testimonio de la escritora cubanoamericana Diana Margarita Cantón Martínez-Ruiz, donde nos relata en un lenguaje trasparente, y sin tapujos literarios, los avatares vividos bajo un proc…"
"Dora","Charlotte M. Braeme","2018","Ficción","Excerpt from Dora: Novela Escrita en Inglés A novela Dora que tengo el gusto de ha ber traducido a nuestro hermoso idioma, es una de las que mayor popularidad han alcanzado en la literatura inglesa.…"
"Amar sin esperanza","Henry Gréville","1926","Ficción","Obra de Henry Gréville, publicada en 1926."
"El Comerciante de Perlas","J. T. de C.","2018","Fiction","Excerpt from El Comerciante de Perlas: Novela Americana Joven, dijo el ingles, mas apto para discutir azucar y canela que cronologia historica, para saber si los franceses podrian vencernos en batall…"
"Piel de Oso: Novela Escénica En Un Acto (Classic Reprint)","Tomas Breton","2018","Drama","Excerpt from Piel de Oso: Novela Escénica en un Acto No la honra; es igual que los otros; le deja utilidad. Pero es un hombre inmensamente rico, derrocha con las mujeres su (con inquietud y rapidez:…"
"El maestro","José María Vargas Vila","2023","Ficción","Esta novela inédita de José María Vargas Vila sumerge al lector en una apasionante historia de amor y venganza en la ciudad de París durante el siglo XIX. La obra, escrita con una prosa exquisita y e…"
"El amor","Antonio de Hoyos y Vinent","1916","Spanish fiction","Obra de Antonio de Hoyos y Vinent, publicada en 1916."
"Los Tres Antones","Juan Martinez y Martinez","2023","Ficción","Esta cautivadora novela narra la historia de dos amigos íntimos que se enamoran de la misma mujer, desatando una serie de acontecimientos trágicos que tendrán consecuencias duraderas. La prosa poétic…"
"El Cisne Blanco (Novela Psicológica)","Jose Maria Vargas Vila","2018","History","This work has been selected by scholars as being culturally important, and is part of the knowledge base of civilization as we know it. This work was reproduced from the original artifact, and remain…"
"Habitar","Felipe  Acuña","2018","Fiction","Un hombre fisgón cree ver a su madre muerta caminando en una mujer que lleva de la mano a dos niños pequeños; una mujer loca intenta secuestrar a una nueva víctima de sus delirios; otra cree ver en u…"
"El lugar de la cita","Luciano Feria","2023","Young Adult Fiction","Las grandes ciudades cuentan con enormes construcciones, mientras que en los pueblos los vecinos construyen su vida como pueden. Luciano ha decidido escribir una novela, pero como quien edifica una c…"
"Teoría del teatro","Santiago Trancón","2006","Performing Arts","Obra de Santiago Trancón, publicada en 2006."
"El Perú desde el cine: plano contra plano","Liuba Kogan","2017","Social Science","La confianza, los personajes del horror andino, la informalidad, la marginalidad, el miedo urbano, el género, el conflicto armado interno peruano y la identidad juvenil se encuentran plano contra pla…"
"Lingüística y literatura","Renato Prada Oropeza","1978","Discourse analysis","Obra de Renato Prada Oropeza, publicada en 1978."
"Textos, modelos y metáforas","Walter Mignolo","1984","Criticism","Obra de Walter Mignolo, publicada en 1984."
"Catalog of the Latin American Collection","University of Texas at Austin. Library. Latin American Collection","1969","Latin America","Obra de University of Texas at Austin. Library. Latin American Collection, publicada en 1969."
"Tangerine","Edward Bloor","2014","Juvenile Fiction","Bienvenido a Tangerine. Este lugar es más raro de lo que parece. Paul Fisher ve el mundo a través de anteojos tan gruesos que parece un insecto del espacio exterior. Pero no está tan ciego como para…"
"Concordancias, motivos y comentarios del Código civil del Uruguay","Rafael Gallinal","1912","Civil law","Obra de Rafael Gallinal, publicada en 1912."
"Anales de jurisprudencia","Sociedad Colombiana de Jurisprudencia","1896","Law","Obra de Sociedad Colombiana de Jurisprudencia, publicada en 1896."
"Lecturas literarias","Francisco Navarro y Ledesma","1905","Spanish language","Obra de Francisco Navarro y Ledesma, publicada en 1905."
"El Cono Sur","Rose S. Minc","1985","Literary Criticism","Obra de Rose S. Minc, publicada en 1985."
"Metaficción y mundos posibles en la narrativa de José María Merino","Cheng Chan Lee","2005","Comics & Graphic Novels","Este libro analiza la producción narrativa del escritor leonés José María Merino, desde 1975 hasta 2000, partiendo de las teorías de la metaficción y los mundos posibles para mostrar el singular trat…"
"Solsticio de verano","Alfonso O'Shanahan","1989","Music","Obra de Alfonso O'Shanahan, publicada en 1989."
"Diario de sesiones de la Cámara de Senadores de la República Oriental del Uruguay","Uruguay. Asamblea General. Cámara de Senadores","1929","Uruguay","Obra de Uruguay. Asamblea General. Cámara de Senadores, publicada en 1929."
"Revista de occidente","José Ortega y Gasset","1967","Spain","Obra de José Ortega y Gasset, publicada en 1967."
"Mario Verdaguer, un escritor proteico","José Gabriel López Antuñano","1994","Ficción","Obra de José Gabriel López Antuñano, publicada en 1994."
"El abismo te devuelve la mirada","Rodolfo Martínez","1999","Fiction","Obra de Rodolfo Martínez, publicada en 1999."
"La conclusión del Amadís de Gaula","María Elena Soliño","2001","Humor","Although the three authors studied, Ana Maria Matute, Carmen Martin Gaite, and Esther Tusquets, are sophisticated intellectuals, they have chosen fairy tales and texts from other marginalized genres…"
"Historia política y parlamentaria del Antonio de los Ríos y Rosas","Juan del Nido y Segalerva","1913","Spain","Obra de Juan del Nido y Segalerva, publicada en 1913."
"Antología de textos castellanos, siglos XIII al XX","José Rogerio Sánchez","1924","Spanish literature","Obra de José Rogerio Sánchez, publicada en 1924."
"Revista de la Universidad Nacional de Córdoba","Universidad Nacional de Córdoba","1926","Ficción","Obra de Universidad Nacional de Córdoba, publicada en 1926."
"Discursos de recepción y de contestación leídos ante la Real Academia de Ciencias Morales y Políticas, al dar posesión de sus plazas á los individuos de número de la misma","Real Academia de Ciencias Morales y Políticas (Spain)","1916","Ficción","Obra de Real Academia de Ciencias Morales y Políticas (Spain), publicada en 1916."
"Derecho de sucesiones","José Luis Pérez Lasala","1978","Inheritance and succession","Obra de José Luis Pérez Lasala, publicada en 1978."
"Antología de las Cortes Constituyentes de 1869 y 1870","España. Cortes Generales. Congreso","1913","Ficción","Obra de España. Cortes Generales. Congreso, publicada en 1913."
"Legislación federal complementaria del derecho civil mexicano","Mexico","1897","Civil law","Obra de Mexico, publicada en 1897."
"Curso de derecho civil (parte general) dictado en la Facultad de derecho de la Universidad nacional de Buenos Aires","Rómulo Etcheverry Boneo","1942","Civil law","Obra de Rómulo Etcheverry Boneo, publicada en 1942."
"Guía práctica de derecho","Antonio de Jesús Lozano","1891","Law","Obra de Antonio de Jesús Lozano, publicada en 1891."
"Narrativas del simulacro","Jesús Montoya Juárez","2013","Literary Collections","Plantea una lectura de los modos en que los textos literarios transcriben un tipo de sensorium que ha sido descrito con el término de ""simulacro"", concepto promovido por la filosofía y la sociología…"
"El naufragio del periodismo en la era de la televisión","Javier del Rey Morató","1998","Television broadcasting","Obra de Javier del Rey Morató, publicada en 1998."
"Lecturas literarias","F. Navarro y Ledesma","1901","Ficción","Obra de F. Navarro y Ledesma, publicada en 1901."
"Tadao Ando","Tadao Andō","1994","Architecture","Obra de Tadao Andō, publicada en 1994."
"Acta","Argentina. Congreso de la Nación. Senado de la Nación","1894","Argentina","Obra de Argentina. Congreso de la Nación. Senado de la Nación, publicada en 1894."
"Derecho internacional privado","Pasquale Fiore","1889","Conflict of laws","Obra de Pasquale Fiore, publicada en 1889."
"Diccionario de términos literarios","Demetrio Estébanez Calderón","1999","Reference","Con sus aproximadamente mil quinientas entradas, el presente Diccionario de términos literarios proporciona una información rigurosa y actualizada sobre los conceptos fundamentales de las diferentes…"
"El código civil peruano","Ricardo Ortiz de Zevallos y Vidaurre","1899","Ficción","Obra de Ricardo Ortiz de Zevallos y Vidaurre, publicada en 1899."
"Principios de derecho civil frances","François Laurent","1895","Ficción","Obra de François Laurent, publicada en 1895."
"Cuando lo no literario se convierte en literatura","Alberto Fuguet","2017","Literature","Obra de Alberto Fuguet, publicada en 2017."
"Niebla","Miguel de Unamuno","1914","Spanish fiction","Obra de Miguel de Unamuno, publicada en 1914."
"De cine somos","Héctor José Freire","2007","Motion pictures","Obra de Héctor José Freire, publicada en 2007."
"Principios de sociología aplicada","Juan E. Naula","1921","Sociology","Obra de Juan E. Naula, publicada en 1921."
"Los misterios de Campeche","Martín Solares","2016","Mexican literature","Selections from readings organized by Campeche state Ministry of Culture in which authors presented completed stories or extracts from novels in progress. Includes chapters from soon-to-be published…"
"Diálogos al pie de la letra","Madeline Cámara","1988","Authors, Cuban","Obra de Madeline Cámara, publicada en 1988."
"Anales de la universidad","Universidad de la República (Uruguay)","1914","Ficción","Obra de Universidad de la República (Uruguay), publicada en 1914."
"Anales","Universidad Nacional de Colombia. Facultad de Derecho y Ciencias Políticas","1925","Ficción","Obra de Universidad Nacional de Colombia. Facultad de Derecho y Ciencias Políticas, publicada en 1925."
"Apuntes taquigráficos de las conferencias","Carlos M. Vico","1921","Ficción","Obra de Carlos M. Vico, publicada en 1921."
"Las teorías dramáticas de Augusto Boal","Luis Chesney Lawrence","2000","Theater","Obra de Luis Chesney Lawrence, publicada en 2000."
"Diario de las Sesiones de Cortes, Congreso de los Diputados","Spain. Cortes. Congreso de los Diputados","1908","Spain","Obra de Spain. Cortes. Congreso de los Diputados, publicada en 1908."
"Diario de sesiones de la camara de Senadores","Argentina. Congreso de la Nación. Senado de la Nación","1894","Ficción","Obra de Argentina. Congreso de la Nación. Senado de la Nación, publicada en 1894."
"La conciencia imprescindible","Jezreel Salazar","2009","Ficción","Obra de Jezreel Salazar, publicada en 2009."
"Jaén","Juan Fernández Jiménez","2006","History","Este volumen recoge una selección de los trabajos presentados en la 23 Asamblea de la Asociación de Licenciados y Doctores Españoles en los Estados Unidos’ (ALDEEU), celebrada en la Universidad de Ja…"
"Poesías de d. José Eusebio Caro","José Eusebio Caro","1885","Spanish poetry","Obra de José Eusebio Caro, publicada en 1885."
"Derecho internacional privado","Américo S. Cacici","1917","Conflict of laws","Obra de Américo S. Cacici, publicada en 1917."
"Curso elemental de derecho civil","Ambroise Victor Charles Colin","1923","Civil law","Obra de Ambroise Victor Charles Colin, publicada en 1923."
"La educación de la mujer de mañana","Leonor Serrano de Xandrí","1923","Women","Obra de Leonor Serrano de Xandrí, publicada en 1923."
"Sinónimos castellanos","Roque Barcia","1910","Spanish language","Obra de Roque Barcia, publicada en 1910."
"Doña Ilusión en Montevideo","Horacio Maldonado","1929","Ficción","Obra de Horacio Maldonado, publicada en 1929."
"Anales","Universidad de Buenos Aires. Facultad de Derecho y Ciencias Sociales","1915","Law","Obra de Universidad de Buenos Aires. Facultad de Derecho y Ciencias Sociales, publicada en 1915."
"Derecho administrativo y legislación administrativa argentina ...","Rafael Bielsa","1921","Administrative law","Obra de Rafael Bielsa, publicada en 1921."
"Biblioteca humanidades","Universidad Nacional de La Plata. Facultad de Humanidades y Ciencias de la Educación","1925","Humanities","Obra de Universidad Nacional de La Plata. Facultad de Humanidades y Ciencias de la Educación, publicada en 1925."
"Anales de la Facultad de Derecho y Ciencias Sociales","Universidad de Buenos Aires. Facultad de Derecho y Ciencias Sociales","1915","Law","Obra de Universidad de Buenos Aires. Facultad de Derecho y Ciencias Sociales, publicada en 1915."
"Explicaciones de derecho civil chileno y comparado","Luis Claro Solar","1930","Civil law","Obra de Luis Claro Solar, publicada en 1930."
"El derecho internacional codificado ; seguido de un resumen histórico de los tratados internacionales más importantes","Pasquale Fiore","1901","Ficción","Obra de Pasquale Fiore, publicada en 1901."
"Reclamación del gobierno de los Estados Unidos de América contra México respecto del Fondo Piadoso de las Californias","Mexico. Secretaría de Relaciones Exteriores","1903","Pious Fund of the Californias","Obra de Mexico. Secretaría de Relaciones Exteriores, publicada en 1903."
"El hispanismo anglonorteamericano","Conferencia Internacional Hacia un Nuevo Humanismo (Córdoba))","2001","Spain","Obra de Conferencia Internacional Hacia un Nuevo Humanismo (Córdoba)), publicada en 2001."
"El sistema de gobierno dual de Argentina y su origen","Antonio Rodríguez del Busto","1921","Argentina","Obra de Antonio Rodríguez del Busto, publicada en 1921."
"Las obligaciones en derecho romano","Polynice Alfred Henri van Wetter","1903","Contracts (Roman law)","Obra de Polynice Alfred Henri van Wetter, publicada en 1903."
"Derecho privado de Vizcaya","Diego Angulo Laguna","1903","Civil law","Obra de Diego Angulo Laguna, publicada en 1903."
"Las sucesiones intestadas en el Código civil ...","Estanislao D. Berrotarán","1911","Ficción","Obra de Estanislao D. Berrotarán, publicada en 1911."
"Obras","José Eusebio Caro","1885","Ficción","Obra de José Eusebio Caro, publicada en 1885."
"Actas del Congreso jurídico de Barcelona, septiembre de 1888","Congreso Juridico. 1888, Barcelona","1889","Law","Obra de Congreso Juridico. 1888, Barcelona, publicada en 1889."
"Poesáas de D. José Eusebio Caro","José Eusebio Caro","1885","Ficción","Obra de José Eusebio Caro, publicada en 1885."
"Texto social","Annette Paatz","2002","Literature and society","Obra de Annette Paatz, publicada en 2002."
"Jordi Colomer: ¡Únete! / Join Us!","Manuel Segade","2017","Art","""This catalogue presents the project ¡Únete! / Join us! created by Jordi Colomer, together with curator Manuel Segade. It is a proposal that combines video, sculpture and architecture; a rich and com…"
"Estrella doble","Robert A. Heinlein","2012","Fiction","¿Podría un miserable actor sustituir al político más famoso del imperio? Lorenzo Smith sintió un hormigueo en su cuerpo cuando le propusieron el trabajo, ya que Bonforte era el político más reputado…"
"Jurisprudencia criminal","Spain. Courts","1917","Criminal law","Obra de Spain. Courts, publicada en 1917."
"La Ficcion En Cronica de Una Muerte Anunciada","Scarafia Monica Alejandra","2011","Ficción","En este analisis se puede observar el encabalgamiento de la literatura en la frontera: ficcion / no ficcion y sus limites, como asi tambien las estrategias de las que se vale el autor para hacer mas…"
"El clon de Borges","Ricardo Burgos","2023","Ficción","""El clon de Borges"" es una novela fantástica que trata de lo que ocurriría si alguien decidiera clonar al escritor argentino Jorge Luis Borges ¿Por qué Borges? Porque en literatura, Borges es Dios (s…"
"Unidos por un rayo","Ana María Ruiz Fernández","2021","Ficción","¿Qué harías si el universo te concediera un gran don? ¿Puede el amor destruirlo todo? ¿Crees en las segundas oportunidades? Esta es una historia de ciencia ficción que se junta con fuerzas sobrenatur…"
"Se abren los caminos","Manuel Barroso","2019","Ficción","Obra de Manuel Barroso, publicada en 2019."
"Por favor, rebobinar","Alberto Fuguet","2012","Fiction","Una novela escrita para los lectores de las nuevas generaciones nativas digitales cuando el mundo aún no era digital."
"Botánica del caos","Ana María Shua","2004","Ficción","Obra de Ana María Shua, publicada en 2004."
"Piedras lunares","Fedosy Santaella","2016","Fiction","Caracas, esa ""película abrumada de asesinos en serie, superhéroes y archivillanos"", es el escenario, siempre nocturno, a la vez que protagonista, donde se recrean estas historias bajo una premisa con…"
"La liga de los presos","Nana Kwame Adjei-Brenyah","2024","Fiction","BIENVENIDOS A LA ARENA. BIENVENIDOS A LA MATANZA. Loretta Thurwar y Hamara Huracán Staxxx son las estrellas de La Liga de los Presos, la piedra angular de un programa lucrativo y tan popular como pol…"
"Dona y Deva","Pedro de Silva","1995","Fiction","Obra de Pedro de Silva, publicada en 1995."
"Magia oscura","Claudio Calzoni","2022","Fiction","Magia oscura de Claudio Calzoni Fanta crímenes y misterios de Claudio Calzoni. Magia oscura Aquí hay trece viajes entre crímenes y misterios, entre magos y espadas antiguas, entre las presencias inqu…"
"Nada es para siempre","Ali Cronin","2013","Juvenile Fiction","Cuatro chicas, tres chicos. Casi 18 años. Todos tan reales como tú. GIRL HEART BOY, historias adictivas que no puedes parar de leer Ashley, la transgresora y feminista; Rich, el amigo perfecto, siemp…"
"La Ciencia ficción de Edgar A. Poe","Edgar Allan Poe","1985","Ficción","Obra de Edgar Allan Poe, publicada en 1985."
"Quién de nosotros","Mario Benedetti","2010","Fiction","La primera novela de Mario Benedetti. La aparición de Quién de nosotros fue celebrada por la crítica uruguaya, que calificó la obra como «el libro más prometedor que nuestra literatura de ficción hay…"
"Los Reyes pobres","Juan Vela","2016","Ficción","Obra de Juan Vela, publicada en 2016."
"Los orígenes del relato","Carmenza Kline","1992","Ficción","Obra de Carmenza Kline, publicada en 1992."
"La Última Guerra","Victor Hugo Vanegas Avila","2019","Ficción","Un destino inesperado se cruza por el camino de Christian Hans Castellano Claimann, sin conocer su pasado es heredero del Principado del Orinoco, algunas presencias malignas y angelicales se manifies…"
"The Works of Lord Bacon","Francis Bacon","1838","Philosophy","Obra de Francis Bacon, publicada en 1838."
"Handbook of Middle American Indians, Volume 12","Robert Wauchope","2014","Social Science","Guide to Ethnohistorical Sources comprises Volumes 12 through 15 of the Handbook of Middle American Indians, published in cooperation with the Middle American Research Institute of Tulane University…"
"Manual de Historia Universal","Manuel Ballesteros Gaibrois","1961","World history","Obra de Manuel Ballesteros Gaibrois, publicada en 1961."
"Index of NLM Serial Titles","National Library of Medicine (U.S.)","1984","Medicine","A keyword listing of serial titles currently received by the National Library of Medicine."
"Escondida de la Historia ; la Comunidad Latina de Allentown, Pennsylvania","Anna Adams","2000","History","Obra de Anna Adams, publicada en 2000."
"Historia universal: (458 p.)","Cesare Cantú","1849","Ficción","Obra de Cesare Cantú, publicada en 1849."
"Estudios de historia de América","Instituto Panamericano de Geografía e Historia Comisión de Historia","1948","Ficción","Obra de Instituto Panamericano de Geografía e Historia Comisión de Historia, publicada en 1948."
"La evolución de la historia","Valentín Letelier","1900","History","Obra de Valentín Letelier, publicada en 1900."
"Perfil de un pueblo con historia","Angel Mario Rocha Leal","1996","Cadereyta Jiménez (México)","Obra de Angel Mario Rocha Leal, publicada en 1996."
"Los indigenismos en la Historia de las Indias de Bartolomé de las Casas","María Antonieta Andión Herrero","2004","Comics & Graphic Novels","La obra de los cronistas, mezcla entre diarios de guerras de conquista y novelas caballerescas, es una pieza vital en el entendimiento del camino léxico recorrido por la lengua española desde 1592. C…"
"Memorias de la Real Academia de la Historia","Real Academia de la Historia (Spain)","1832","Spain","Contains monographs varying in length, preceded, in v. 1,4- by ""Noticia histórica de la academia."""
"La enseñanza de la historia como estrategia de integraciõn","Jaime Díaz Castañeda","1995","Historiography","Obra de Jaime Díaz Castañeda, publicada en 1995."
"Finding List of the Minneapolis Public Library","Minneapolis Public Library","1908","Scandinavian literature","Obra de Minneapolis Public Library, publicada en 1908."
"Bibliographical and Historical Description of the Rarest Books in the Oliveira Lima Collection at the Catholic University of America","Catholic University of America. Library","1927","Bibliografias","Obra de Catholic University of America. Library, publicada en 1927."
"The British Museum Catalogue of Printed Books, 1881-1900: Marl to Mendthal","British Museum. Department of Printed Books","1946","English literature","Obra de British Museum. Department of Printed Books, publicada en 1946."
"Recently Published Articles - American Historical Association","American Historical Association","1984","History","Obra de American Historical Association, publicada en 1984."
"Diario de Sesiones (versiones Taquigraf́icas) Lima, Diciembre de 1938","International American Conference","1939","America","Obra de International American Conference, publicada en 1939."
"The Library Catalogs of the Hoover Institution on War, Revolution, and Peace, Stanford University","Hoover Institution on War, Revolution, and Peace","1969","History, Modern","Obra de Hoover Institution on War, Revolution, and Peace, publicada en 1969."
"Encyclopaedia Britannica","Harry S. Ashmore","1962","Encyclopedias and dictionaries","Obra de Harry S. Ashmore, publicada en 1962."
"Plague?","A. Lynn Martin","1996","Medical","Obra de A. Lynn Martin, publicada en 1996."
"The Sources and Literature of English History from the Earliest Times to about 1485","Charles Gross","1900","Classification","Obra de Charles Gross, publicada en 1900."
"Missouri Botanical Garden Bulletin","Missouri Botanical Garden","1956","Botany","The January number of each volume contains the annual reports of the officers of the board and the director, 1913-1977; the annual reports are issued as the May issues of each volume, -1987."
"Paper Liberals","David Ortiz","2000","History","The death of General Francisco Franco in November of 1975 ended thirty-six years of fascist-style dictatorship in Spain. The subsequent transition to liberal parliamentary government was remarkably s…"
"La Enseñanza de la Historia (Classic Reprint)","Rafael Altamira","2016","Education","Excerpt from La Ensenanza de la Historia Lo dicho anteriormente basta para comprender que 'la presente edicion no se limita a reproducir la primera. About the Publisher Forgotten Books publishes hund…"
"Catalogue of the Library of the Peabody Institute of the City of Baltimore ...","George Peabody Library","1889","Dictionary catalogs","Obra de George Peabody Library, publicada en 1889."
"The British Library General Catalogue of Printed Books 1976 to 1982","British Library","1983","Reference","Obra de British Library, publicada en 1983."
"The Cambridge Modern History","John Emerich Edward Dalberg Acton Baron Acton","1907","Enlightenment","""The Cambridge Modern History"" is a comprehensive modern history of the world, beginning with the 15th century age of Discovery, published by the Cambridge University Press in the United Kingdom and…"
"Historia de los progresos del derecho de gentes, en Europa y en América, desde la paz de Westfalia hasta nuestros dias ...","Henry Wheaton","1861","Europe","Obra de Henry Wheaton, publicada en 1861."
"A History of Spanish Literature","Ernest Mérimée","1930","Spanish literature","Obra de Ernest Mérimée, publicada en 1930."
"Guide de la Littérature Française Du Moyen Age","Louis Kukenheim","1963","French literature","Obra de Louis Kukenheim, publicada en 1963."
"José Vasconcelos and His World","Gabriella De Beer","1966","Authors, Mexican","Obra de Gabriella De Beer, publicada en 1966."
"Alejandro Morales","José Antonio Gurpegui Palacios","1996","Literary Criticism","This collection reviews the work of Chicano writer Alejandro Morales, whose novel Caras viejas y vino nuevo, is generally recognized as one of the classics of Chicano literature. The contributors are…"
"The Guanches of Tenerife","Alonso de Espinosa","1907","Canary Islands","Obra de Alonso de Espinosa, publicada en 1907."
"The Cambridge Medieval History","James Pounder Whitney","1929","Middle Ages","Obra de James Pounder Whitney, publicada en 1929."
"La historia","José Luis Ibáñez Salas","2020","Ficción","Obra de José Luis Ibáñez Salas, publicada en 2020."
"The Fourth Crusade","Donald E. Queller","1978","History","Obra de Donald E. Queller, publicada en 1978."
"Non-flint Stone Tools and the Palaeolithic Occupation of the Iberian Peninsula","Norah Moloney","1996","History","The papers in this volume introduce English readers to the variety and scope of Palaeolithic stone tool research taking place in the Iberian Peninsula. They not only offer information about early occ…"
"Dictionary Catalog of the History of the Americas","New York Public Library. Reference Dept","1961","America","Obra de New York Public Library. Reference Dept, publicada en 1961."
"The Encyclopedia Americana","Frederick Converse Beach","1903","Encyclopedias and dictionaries","Obra de Frederick Converse Beach, publicada en 1903."
"Apellido Vernia","AA.VV.","2014","Reference","Origen, significado y datos históricos más relevantes del apellido, así como la heráldica (escudo de armas) del linaje. Para la documentación y edición de todas nuestras láminas nos regimos por un es…"
"Guía crítica de la historia contemporánea","Armando Saitta","1989","History","Armando Saitta advierte en este volumen sobre lo difícil de trazar una línea de demarcación entre la historia moderna y la contemporánea. Y se pregunta, hay una fecha segura, un acontecimiento, un pr…"
"Catalogue of the Library of the Boston Athenæum","Boston Athenaeum","1876","American literature","Obra de Boston Athenaeum, publicada en 1876."
"The Lives, Ideas, and Works of Basques in the Philippines","Aitor Anduaga Egaña","2019","Basques","Obra de Aitor Anduaga Egaña, publicada en 2019."
"Historia de la revolución de Nueva España","José Servando Teresa de Mier Noriega y Guerra","1986","Mexico","Obra de José Servando Teresa de Mier Noriega y Guerra, publicada en 1986."
"Isis Cumulative Bibliography","Magda Whitrow","1971","Science","A six volume index by personality, institution and subject to the critical bibliographies on the history of science published in ISIS from 1913 to 1965. References in the bibliographies are to items…"
"Subject Catalog, 1979","Library of Congress","1979","Library catalogs","Obra de Library of Congress, publicada en 1979."
"Library Catalog of the Metropolitan Museum of Art, New York","Metropolitan Museum of Art (New York, N.Y.). Library","1980","Art","Obra de Metropolitan Museum of Art (New York, N.Y.). Library, publicada en 1980."
"General Catalogue of Printed Books","British Museum. Department of Printed Books","1959","English imprints","Obra de British Museum. Department of Printed Books, publicada en 1959."
"Texts and Identities in the Early Middle Ages","Richard Corradini","2006","History","For seven years, a collaboration between the Institute for Medieval Studies of the Austrian Academy of Sciences and the Universities of Utrecht, Cambridge, Leeds and Paris I, Sorbonne provided the op…"
"The Civilizing Power","James Henry Oliver","1968","Biography & Autobiography","Obra de James Henry Oliver, publicada en 1968."
"Index to Latin-American Books","Inter-American Book Exchange, Washington, D.C.","1938","Brazil","Obra de Inter-American Book Exchange, Washington, D.C., publicada en 1938."
"List of Documents in Spanish Archives Relating to the History of the United States, which Have Been Printed Or of which Transcripts are Preserved in American Libraries","James Alexander Robertson","1910","Archives","""The two lists contained in this volume concern the history of the territory included within the boundaries of the present continental United States.""--page v."
"University of California Publications in History","University of California, Berkeley","1915","History","Obra de University of California, Berkeley, publicada en 1915."
"The Works of Francis Bacon","Francis Bacon","1876","Ficción","Obra de Francis Bacon, publicada en 1876."
"Texas in the Middle Eighteenth Century","Herbert Eugene Bolton","1915","Spain","Obra de Herbert Eugene Bolton, publicada en 1915."
"The Doctrines and Discipline of the Methodist Episcopal Church","Methodist Episcopal Church","1896","Ficción","Obra de Methodist Episcopal Church, publicada en 1896."
"Los nueve libros de la historia","Herodotus","1971","Greece","Obra de Herodotus, publicada en 1971."
"Memoria","Argentina. Ministerio de Justicia e Instrucción Pública","1927","Ficción","Obra de Argentina. Ministerio de Justicia e Instrucción Pública, publicada en 1927."
"Guidebook & List of Periodicals","American Bibliographical Center","1971","Reference","Obra de American Bibliographical Center, publicada en 1971."
"Catalogue of the Library of the Long Island Historical Society, 1863-1893","Long Island Historical Society. Library","1893","America","Obra de Long Island Historical Society. Library, publicada en 1893."
"Unos documentos inéditos para la historia de la guerra de Africa, enero - abril 1860","Real Academia de la Historia (Spain)","1952","Spanish-Moroccan War, 1859-1860","Obra de Real Academia de la Historia (Spain), publicada en 1952."
"Nuevo Arte de Auxiliar La Memoria","Pedro Mata Fontanet","2018","Ficción","This work has been selected by scholars as being culturally important, and is part of the knowledge base of civilization as we know it. This work was reproduced from the original artifact, and remain…"
"Historia general de Baja California Sur: Los procesos políticos","Dení Trejo Barajas","2002","History","Este segundo volumen de la Historia General de Baja California Se ofrece al lector una visión de conjunto de las diferentes formas de organización del poder en la porción meridional de la península d…"
"Annual Report of the Director of the International Bureau of the American Republics","Pan American Union","1903","America","Obra de Pan American Union, publicada en 1903."
"History of the Roads of Mexico","Samuel Salinas Alvarez","1994","Roads","Obra de Samuel Salinas Alvarez, publicada en 1994."
"Contributions in History and Political Science","Ohio State University","1926","History","Obra de Ohio State University, publicada en 1926."
"Early Sources of Scottish History, A.D. 500 to 1286","Alan Orr Anderson","1922","Manuscripts, Medieval","Obra de Alan Orr Anderson, publicada en 1922."
"Miscellany of the Scottish History Society","Scottish History Society","1893","Scotland","Obra de Scottish History Society, publicada en 1893."
"The People and Politics of Latin America","Mary Wilhelmine Williams","1930","Ethnology","Obra de Mary Wilhelmine Williams, publicada en 1930."
"Classification","Library of Congress. Subject Cataloging Division","1928","Classification","Obra de Library of Congress. Subject Cataloging Division, publicada en 1928."
"West American History","Hubert Howe Bancroft","1902","British Columbia","Obra de Hubert Howe Bancroft, publicada en 1902."
"Prospectus for the Year 1904-1905","Manila (Philippines). Philippine nautical school","1904","Nautical training-schools","Obra de Manila (Philippines). Philippine nautical school, publicada en 1904."
"The Hispanic American Historical Review","James Alexander Robertson","1931","Electronic journals","Includes ""Bibliographical section""."
"The Works of Hubert Howe Bancroft: Essays and miscellany","Hubert Howe Bancroft","1890","British Columbia","Obra de Hubert Howe Bancroft, publicada en 1890."
"Christopher Columbus and the Participation of the Jews in the Spanish and Portuguese Discoveries","Meyer Kayserling","1928","America","Obra de Meyer Kayserling, publicada en 1928."
"List of Books on Latin American History and Description (with Reference to Articles in Magazines) in the Columbus Memorial Library ...","Columbus Memorial Library","1907","Latin America","Obra de Columbus Memorial Library, publicada en 1907."
"Composition of California Shellmounds","Edward Winslow Gifford","1916","California","Obra de Edward Winslow Gifford, publicada en 1916."
"The Cambridge Medieval History: Contest of empire and papacy","Henry Melville Gwatkin","1926","Middle Ages","Obra de Henry Melville Gwatkin, publicada en 1926."
"Subject Index of the Modern Works Added to the Library of the British Museum in the Years ...","British Museum. Department of Printed Books","1902","Subject catalogs","Obra de British Museum. Department of Printed Books, publicada en 1902."
"Breves apontamentos para o estudo das questões relativas ao ensino normal primario e á edução popular, etc","Joaquim TEIXEIRA DE MACEDO","1877","Ficción","Obra de Joaquim TEIXEIRA DE MACEDO, publicada en 1877."
"Contributions to American Anthropology and History","Carnegie Institution of Washington","1949","America","Obra de Carnegie Institution of Washington, publicada en 1949."
"Dictiionary of National Biography","Wakeman, Watkins","1899","Ficción","Obra de Wakeman, Watkins, publicada en 1899."
"Bulletin d'information","International Committee of Historical Sciences","1999","Ficción","Obra de International Committee of Historical Sciences, publicada en 1999."
"Apología para la historia","Marc Bloch","1996","Historiography","Obra de Marc Bloch, publicada en 1996."
"General Catalogue","Bernard Quaritch","1880","Books","Obra de Bernard Quaritch, publicada en 1880."
"Narrative and Critical History of America: Spanish explorations and settlements in America from the fifteenth to the seventeenth century. [c1886","Justin Winsor","1886","America","Obra de Justin Winsor, publicada en 1886."
"Historia de México","Ahoy Publications","2024","History","¡Descubra la fascinante historia de México a través de 1000 datos interesantes! Este libro lo llevará en un emocionante viaje a través del tiempo, desde las antiguas civilizaciones hasta el México ac…"
"A Pictorial History of Psychology","Wolfgang G. Bringmann","1997","Medical","Written by authors from 15 different countries; 650 illustrations and tables."
"The New International Encyclopædia","Frank Moore Colby","1922","Encyclopedias and dictionaries","Obra de Frank Moore Colby, publicada en 1922."
"Apellido Riesgo","AA.VV.","2014","Reference","Origen, significado y datos históricos más relevantes del apellido, así como la heráldica (escudo de armas) del linaje. Para la documentación y edición de todas nuestras láminas nos regimos por un es…"
"Philosophical works","Francis Bacon","1872","Philosophy","Obra de Francis Bacon, publicada en 1872."
"Dictionary of National Biography","Leslie Stephen","1909","Great Britain","Obra de Leslie Stephen, publicada en 1909."
"Apellido Salgas","AA.VV.","2014","Reference","Origen, significado y datos históricos más relevantes del apellido, así como la heráldica (escudo de armas) del linaje. Para la documentación y edición de todas nuestras láminas nos regimos por un es…"
"Apellido Muro","AA.VV.","2014","Reference","Origen, significado y datos históricos más relevantes del apellido, así como la heráldica (escudo de armas) del linaje. Para la documentación y edición de todas nuestras láminas nos regimos por un es…"
"Catalogue of the Third Part of the Remarkable Library Collected in Spain, Cuba and the United States","George A. Leavitt & Co","1888","America","Obra de George A. Leavitt & Co, publicada en 1888."
"Catalogue of the Icelandic Collection Bequeathed by Willard Fiske","Cornell University Library (Ithaca)","1914","Icelandic literature","Obra de Cornell University Library (Ithaca), publicada en 1914."
"Apellido Agua","AA.VV.","2014","Reference","Origen, significado y datos históricos relevantes del apellido, así como la heráldica (escudo de armas) del linaje. Para la documentación y edición de todas nuestras láminas nos regimos por un estric…"
"Congreso de Historia del Descubrimiento (1492-1556)","Real Academia de la Historia (Spain)","1992","History","Cong. de ha. del descubrimiento. - V.1."
"The Encyclopaedia Britannica","Hugh Chrisholm","1911","Encyclopedias and dictionaries","Obra de Hugh Chrisholm, publicada en 1911."
"Historia de cosas del Oriente","Amaro Centeno","1595","Ficción","Obra de Amaro Centeno, publicada en 1595."
"Apellido Quera","AA.VV.","2014","Reference","Origen, significado y datos históricos más relevantes del apellido, así como la heráldica (escudo de armas) del linaje. Para la documentación y edición de todas nuestras láminas nos regimos por un es…"
"Narrative and Critical History of America,","Justin Winsor","1889","America","Obra de Justin Winsor, publicada en 1889."
"Breve historia de la economía","Santiago Armesilla","2019","Ficción","Obra de Santiago Armesilla, publicada en 2019."
"Apellido Vizcarra","AA.VV.","2014","Reference","Origen, significado y datos históricos más relevantes del apellido, así como la heráldica (escudo de armas) del linaje. Para la documentación y edición de todas nuestras láminas nos regimos por un es…"
"Bibliographic Guide to Business and Economics","New York Public Library. Research Libraries","1984","Business","Obra de New York Public Library. Research Libraries, publicada en 1984."
"Serie investigaciones","Instituto Nacional de Antropología e Historia (Mexico)","1958","Anthropology","Obra de Instituto Nacional de Antropología e Historia (Mexico), publicada en 1958."
"Malpaso","José Antonio Humberto Vargas Alonso","2005","Malpaso (Mexico)","Obra de José Antonio Humberto Vargas Alonso, publicada en 2005."
"Apellido Aiartza","AA.VV.","2014","Reference","Origen, significado y datos históricos relevantes del apellido Boquera, así como la heráldica (escudo de armas) del linaje. Para la documentación y edición de todas nuestras láminas nos regimos por u…"
"The Encyclopaedia Britannica","James Louis Garvin","1929","Encyclopedias and dictionaries","Obra de James Louis Garvin, publicada en 1929."
"Second Catalogue of the Library of the Peabody Institute of the City of Baltimore, Including the Additions Made Since 1882","Johns Hopkins University. Peabody Institute. Library","1904","Catalogs, Dictionary","Obra de Johns Hopkins University. Peabody Institute. Library, publicada en 1904."
"Sociogénesis de una disciplina escolar","Raimundo Cuesta Fernández","1997","History","Obra de Raimundo Cuesta Fernández, publicada en 1997."
"Apellido Donoso","AA.VV.","2014","Reference","Origen, significado y datos históricos más relevantes del apellido, así como la heráldica (escudo de armas) del linaje. Para la documentación y edición de todas nuestras láminas nos regimos por un es…"
"El principe mexicano","Rhina Roux","2013","Political Science","El título remite a la lectura gramsciana de {El Príncipe} de Maquiavelo como un tratado del arte de la política tendiente a la creación de una creencia colectiva, una nueva visión del mundo, capaz de…"
"Historia mínima de Estados Unidos de América","Erika Pani","2016","History","Estados Unidos, Historia"
"La Ciencia. Su Metodo Y Su Historia","Silvia Bravo","1991","Ficción","Obra de Silvia Bravo, publicada en 1991."
"Didáctica de las ciencias experimentales","Encuentro de Didactica del las Ciencias Experimentales","1990","Science","Obra de Encuentro de Didactica del las Ciencias Experimentales, publicada en 1990."
"Las ciencias en la escuela","Mireia Català Agras","2002","Education","Las ciencias en la escuela. Teorías y prácticas consta de unos artículos de fundamentación y de una serie de artículos que recogen experiencias diversas desarrolladas en centros escolares que aportan…"
"Epistemología","Mario Bunge","1997","Philosophy","El presente libro es un curso de actualización de filosofía de la ciencia. Su autor expone algunos de los problemas más candentes de la filosofía de las ciencias formales, naturales y sociales, así c…"
"La ciencia, su método y su filosofía","Mario Bunge","2014","Philosophy","Introducción a la metodología científica y la filosofía de la ciencia o epistemología, esta obra de Mario Bunge es el libro de texto en toda Hispanoamérica. Hoy reaparece en Editorial Sudamericana en…"
"Ciencia, tecnología y sociedad","Manuel Medina","1990","Science","Obra de Manuel Medina, publicada en 1990."
"Enseñanza de las Ciencias de la Naturaleza en Educación Infantil","Rocío Quijano López","2016","Science","La obra Enseñanza de las Ciencias de la Naturaleza en Educación Infantil muestra a los estudiantes de Grado de Educación Infantil algunos de los contenidos que, a nivel científico, se considera que d…"
"Comentario a la introducción a la fenomenología del espítitu","Amelia Podetti","2007","Consciousness","Obra de Amelia Podetti, publicada en 2007."
"La dimensión territorial del desarrollo económico de México","Clemente Ruiz Durán","2004","Business & Economics","Obra de Clemente Ruiz Durán, publicada en 2004."
"Aportes a la educación en ciencias en Colombia: veinte años de desarrollo","Adela Molina Andrade","2025","Education","Este libro presenta un análisis sistemático de las investigaciones desarrolladas en el Énfasis en Educación en Ciencias del Doctorado Interinstitucional en Educación de la Universidad Distrital Franc…"
"La Fé ante la ciencia moderna","Louis Gaston de Ségur","1872","Ficción","Obra de Louis Gaston de Ségur, publicada en 1872."
"Revista de filosofía, cultura, ciencias, educación","José Ingenieros","1928","Ficción","Obra de José Ingenieros, publicada en 1928."
"Nueva teoría cósmica y su aplicación a las ciencias naturales","Mariano N. Ruiz","1925","Natural history","Obra de Mariano N. Ruiz, publicada en 1925."
"Naturaleza De LA Ciencia","Maton","1994","Juvenile Nonfiction","Obra de Maton, publicada en 1994."
"La Lectra; revista de ciencias y de artes","Francisco López Acebal","1915","Ficción","Obra de Francisco López Acebal, publicada en 1915."
"Revista de la Facultad de Letras y Ciencias","Universidad de La Habana. Facultad de Letras y Ciencias","1923","Cuba","Obra de Universidad de La Habana. Facultad de Letras y Ciencias, publicada en 1923."
"Historia sencilla de la Ciencia","José Luis Comellas García-Lera","2007","History","El hombre siempre busca realidades no exploradas, horizontes desconocidos; y a esa búsqueda ha dedicado sus esfuerzos y su ingenio. Sin este afán, no habría progresado. La historia de la ciencia y su…"
"Crotalogía, o, Ciencia de las castañuelas","Juan Fernández de Rojas","1882","Castanets","Obra de Juan Fernández de Rojas, publicada en 1882."
"INIS","International Nuclear Information System","2006","Cataloging of serial publications","Obra de International Nuclear Information System, publicada en 2006."
"Revista de la Universidad Nacional de Cordoba","Universidad Nacional de Córdoba","1928","Ficción","Obra de Universidad Nacional de Córdoba, publicada en 1928."
"Influences on Gender Differences in Image of Science","Jeanne Beryl Harding","1990","Educational tests and measurements","Obra de Jeanne Beryl Harding, publicada en 1990."
"Books and Pamphlets, Including Serials and Contributions to Periodicals","Library of Congress. Copyright Office","1976","American literature","Obra de Library of Congress. Copyright Office, publicada en 1976."
"Política nacional de ciencia y tecnología","Consejo Nacional de Ciencia y Tecnología (Mexico)","1976","Science and state","Obra de Consejo Nacional de Ciencia y Tecnología (Mexico), publicada en 1976."
"Anales de la Academia de Ciencias Medicas, Fïsicas y Naturales de la Habana","Academia de Ciencias Médicas, Físicas y Naturales de la Habana","1930","Medicine","The ""Actas"" of the Academy are included in the Anales; those for 1861-1868, which had appeared only in part in vol. 1-5, are published in full in vol. 47, 1910/1911"
"Obras escogidas de filosofos","Adolfo de Castro","1922","Philosophy, Spanish","Obra de Adolfo de Castro, publicada en 1922."
"El Renacimiento","Francisco Díaz de León","1894","Spanish periodicals","Obra de Francisco Díaz de León, publicada en 1894."
"C.A.B. International Serials Checklist","C.A.B. International","1988","Language Arts & Disciplines","List of journal titles included in CAB abstracts database. Entries give title, country of publication, publisher, and ISSN number. Also contains separate lists on annual reports, conference proceedin…"
"Boletin de la Biblioteca Nacional de Criminologia Y Ciencias Afines","Argentina. Biblioteca Nacional de Criminologia y Ciencias Afines","2000","Ficción","Obra de Argentina. Biblioteca Nacional de Criminologia y Ciencias Afines, publicada en 2000."
"Ciencia de redes (Signa_Lab)","Albert-László Barabási","2022","Computers","Texto clásico y pionero que acerca al lector a la ciencia de redes. Abarca una amplia gama de temas que van de la computación y las ingenierías a las ciencias económicas y sociales, apoyándose en eje…"
"El Doctor Huarte de San Juan","Mauricio de Iriarte","1948","Ficción","Obra de Mauricio de Iriarte, publicada en 1948."
"Florida Union List of Serials","University of South Florida","1973","Catalogs, Union","Obra de University of South Florida, publicada en 1973."
"Tumbos de lógica","Héctor Velarde","1928","Ficción","Obra de Héctor Velarde, publicada en 1928."
"Cristianismo Rosacruz","Max Heindel","1913","Rosicrucians","Obra de Max Heindel, publicada en 1913."
"El centenario del egregio sabio Luis Pasteur en Cartagena","Bolívar (Colombia : Department). Funta del centenario de Pasteur","1923","Ficción","Obra de Bolívar (Colombia : Department). Funta del centenario de Pasteur, publicada en 1923."
"Sta. Teresa y el espiritismo","Eusebio del Niño Jesús (padre, C.D.)","1930","Ficción","Obra de Eusebio del Niño Jesús (padre, C.D.), publicada en 1930."
"Ensayos","Miguel de Unamuno","1918","Spain","Obra de Miguel de Unamuno, publicada en 1918."
"Centenario de Calderon","Felipe Picatoste","1881","Ficción","Obra de Felipe Picatoste, publicada en 1881."
"La ciencia de la pancita chelera","Leonora Milán Fe","2020","Health & Fitness","Todo lo que siempre quisiste saber sobre tu cuerpo, pero te daba ñáñaras preguntar. ¿Y si te dijéramos que los adorables bebés, tan inocentes en apariencia, son expertos manipuladores desde el vientr…"
"Serials Holdings","Linda Hall Library","1989","Medicine","Obra de Linda Hall Library, publicada en 1989."
"Repertorio mundial de proyectors de investigación, estudios y cursos relativ a las políticas científicas y tecnológicas","Unesco","1981","Reference","UNESCO pub. Directory of research projects, training courses, in technology."
"La politica cientifica en America Latina","Unesco","1969","International cooperation","Obra de Unesco, publicada en 1969."
"Anales de la facultad de derecho y ciencias sociales ...","Universidad Nacional de Córdoba","1913","Education","Obra de Universidad Nacional de Córdoba, publicada en 1913."
"Historia de España en el siglo XIX","Francisco Pí y Margall","1902","Spain","Obra de Francisco Pí y Margall, publicada en 1902."
"B-P-H/S","Gavin D. R. Bridson","1991","Science","A supplement to and partial revision of B-P-H (1968), this book contains over 25,000 title entries arranged alphabetically by title and is designed as a key to entries in both volumes. It features ci…"
"Obras completas de D. Francisco Giner de los Ríos ...","Francisco Giner de los Ríos","1921","Philosophy","Obra de Francisco Giner de los Ríos, publicada en 1921."
"Nuevo Derecho Administrativo Del Trabajo","Alberto Trueba Urbina","1973","Administrative law","Obra de Alberto Trueba Urbina, publicada en 1973."
"A Concordance to the Plays and Poems of Federico García Lorca","Alice M. Pollin","1975","Literary Criticism","Obra de Alice M. Pollin, publicada en 1975."
"Index of Conference Proceedings Received","British Library. Lending Division","1983","Congresses and conventions","Obra de British Library. Lending Division, publicada en 1983."
"Catalogue of Title-entries of Books and Other Articles Entered in the Office of the Librarian of Congress, at Washington, Under the Copyright Law ... Wherein the Copyright Has Been Completed by the Deposit of Two Copies in the Office","Library of Congress. Copyright Office","1977","American drama","Obra de Library of Congress. Copyright Office, publicada en 1977."
"Publicaciones. Serie: Universitaria","Universidad Nacional del Litoral. Facultad de Ciencias Matemáticas, Físico-Químicas y Naturales Aplicadas a la Industria","1935","Science","Obra de Universidad Nacional del Litoral. Facultad de Ciencias Matemáticas, Físico-Químicas y Naturales Aplicadas a la Industria, publicada en 1935."
"Revista de la Universidad de Cuenca","Universidad de Cuenca","1927","Ficción","Obra de Universidad de Cuenca, publicada en 1927."
"Grippo","Víctor Grippo","2004","Art","Obra de Víctor Grippo, publicada en 2004."
"Current Serials Received","British Library. Lending Division","1983","Library catalogs","Obra de British Library. Lending Division, publicada en 1983."
"The National Union Catalog, Pre-1956 Imprints","Library of Congress","1968","Catalogs, Union","Obra de Library of Congress, publicada en 1968."
"La cruz","León Carbonero y Sol","1879","Ficción","Obra de León Carbonero y Sol, publicada en 1879."
"Catálogo de publicaciones periódicas","Instituto Venezolano de Investigaciones Científicas. Biblioteca","1977","Periodicals","Obra de Instituto Venezolano de Investigaciones Científicas. Biblioteca, publicada en 1977."
"Pequeno Larousse, Ilustrado. 1990","Pierre Larousse","1918","Encyclopedia and dictionaries, Spanish","Obra de Pierre Larousse, publicada en 1918."
"Boletín de instrucción pública ...","Mexico. Secretaría de Instrucción Pública y Bellas Artes","1911","Education","Obra de Mexico. Secretaría de Instrucción Pública y Bellas Artes, publicada en 1911."
"Periodical Title and Abbreviation by Abbreviation","Leland G. Alkire","2006","Reference","Volume 1 is a comprehensive dictionary with more than 230,000 entries. It covers periodicals from a wide variety of subjects, including: science, social sciences, humanities, law, medicine, religion,…"
"Boletin","Academia Nacional de Ciencias en Córdoba","1929","Ficción","Obra de Academia Nacional de Ciencias en Córdoba, publicada en 1929."
"Trabajos del Museo nacional de ciencias naturales","Museo Nacional de Ciencias Naturales (Spain)","1917","Natural history","Obra de Museo Nacional de Ciencias Naturales (Spain), publicada en 1917."
"Index to Latin American Periodical Literature","Columbus Memorial Library","1966","Latin America","Obra de Columbus Memorial Library, publicada en 1966."
"CD-ROM Periodical Index","Pat Ensor","1992","Computers","Obra de Pat Ensor, publicada en 1992."
"Gray Herbarium Index; Harvard University","Gray Herbarium","1968","Botany","A reproduction of a card index, prepared 1894-1903 by Josephine A. Clark at the U.S. Department of Agriculture Library and (since 1903) by the Gray Herbarium. The set reproduces about 265,000 cards p…"
"La Gaceta","Honduras","1957","Law","Obra de Honduras, publicada en 1957."
"Акты Генеральной Конференции","Unesco. General Conference","1991","Intellectual cooperation","Records for the 2d- sess. issued in two sections: v. 1, Proceedings and v. 2, Resolutions."
"Actes de la Conférence Générale, Vingt-sixième Session: Proceedings","Unesco. General Conference","1991","Ficción","Obra de Unesco. General Conference, publicada en 1991."
"Enseñar ciencia","Maria Arcà","1990","Education","¿Cómo plantear una educación científica donde no existe (como en la escuela infantil y la elemental) o donde se da por descontada (como en la educación básica)? Vivimos una época en la que cada vez s…"
"Primer diccionario general etimológico de la lengua española","Roque Barcia","1902","Spanish language","Obra de Roque Barcia, publicada en 1902."
"Ciencia Hoy Nð 124","Ciencia Hoy","2009","Ficción","Obra de Ciencia Hoy, publicada en 2009."
"Cien preguntas básicas sobre la ciencia","Isaac Asimov","2010","Science","Este volumen recoge las respuestas dadas por Isaac Asimov a las preguntas formuladas por los lectores de la revista norteamericana Science Digest. ¿Qué hay más allá del universo?, ¿qué es un agujero…"
"Ciencia Hoy Nð 122","Ciencia Hoy","2009","Ficción","Obra de Ciencia Hoy, publicada en 2009."
"Ciencia, razón y fe","Mariano Artigas","2011","Education","Obra de Mariano Artigas, publicada en 2011."
"Conflicto y diálogo entre ciencia y religión","Agustín Udías Vallina","1993","Ficción","Ciencia y tecnología ejercen hoy una tremenda influencia tanto en la vida del hombre como en su visión del universo y de sí mismo. El hombre se dirige a las ciencias siempre que busca una respuesta a…"
"Study Abroad 2006-2007","Unesco","2006","Education","Study Abroad 2006-2007 contains some 2,900 entries concerning post-secondary education and training in all academic and professional fields in countries throughout the world. Key features include inf…"
"Electromagnetismo","Eliezer Braun","1998","Electromagnetismo","Pierre-Nol Giraud seala el fenmeno de la desigualdad como punto fundamental en los estudios econmicos. El examen de la doble dimensin -espacial y social- del problema ayuda a Giraud a establecer los…"
"Ciencia Hoy Nð 73","Ciencia Hoy","2005","Ficción","Obra de Ciencia Hoy, publicada en 2005."
"Ciencia Hoy Nð 78","Ciencia Hoy","2005","Ficción","Obra de Ciencia Hoy, publicada en 2005."
"El mundo de Max","Javier Fernández Panadero","2016","Science","""Este libro está escrito para ti, curioso de cualquier edad."" Esta es una de las primeras líneas de El mundo de Max. La ciencia para todos. Vive con Max sus aventuras y descubrirás a través de sus oj…"
"El mundo y sus demonios","Carl Sagan","1997","Literacy","Obra de Carl Sagan, publicada en 1997."
"Tecnociencia y cibercultura","Stanley Aronowitz","1998","Language Arts & Disciplines","Recoge: El estudio cultural de la ciencia y la tecnología; Del estudio social de la ciencia a los estudios culturales; Mundo, clima y guerra; Los mercados y el futuro del trabajo; Bioética; Visualiza…"
"Dictionary Catalog of the Department Library","United States. Department of the Interior. Library","1967","Library catalogs","Obra de United States. Department of the Interior. Library, publicada en 1967."
"La política de las hadas","Luis Javier Plata Rosas","2026","Science","Desde que, transportada por el tornado de la inter-, multi- y transdisciplinariedad, la psicología política del desarrollo aterrizó en el quizás-no-tan maravilloso País de Oz, los cuentos de hadas ya…"
"Dictionary Catalog of the National Agricultural Library, 1862-1965","National Agricultural Library (U.S.)","1967","Technology & Engineering","Obra de National Agricultural Library (U.S.), publicada en 1967."
"Sistema español de ciencia y tecnología","España Comisión Interministerial de Ciencia y Tecnología","1989","Ficción","Obra de España Comisión Interministerial de Ciencia y Tecnología, publicada en 1989."
"Semblanza Histórica de la Filosofia del Derecho ""Lecciones Propedéuticas""","Juan Pablo Rosales Esser","2012","Ficción","Obra de Juan Pablo Rosales Esser, publicada en 2012."
"Bibliografía filosófica hispánica (1901-1970)","Gonzalo Díaz Díaz","1982","Language Arts & Disciplines","Obra de Gonzalo Díaz Díaz, publicada en 1982."
"Obras completas. Tomo I (1902/1915)","José Ortega y Gasset","2020","Philosophy","Primer tomo de los diez que reúnen las Obras completas de José Ortega y Gasset, la mayor compilación de los textos del filósofo presentada hasta la fecha. Los primeros seis tomos de estas Obras compl…"
"Introducción a la filosofía analítica","Ernst Tugendhat","2022","Philosophy","«Hasta la década de 1980, la filosofía analítica del lenguaje no tenía un prestigio especial en la Europa continental. Se la consideraba como buena herramienta de la lógica y la teoría de la ciencia…"
"¿Qué es filosofía?","Edith Stein","2002","Philosophy","«En este escrito, en el que se figura un diálogo entre Tomás de Aquino y Edmund Husserl, asistimos a la primera manifestación del acercamiento de la fenomenóloga a la filosofía de Tomás de Aquino, a…"
"Bibliografía pedagógica de obras escritas en castellano ó traducidas á este idioma","Rufino Blanco y Sánchez","1912","Education","Obra de Rufino Blanco y Sánchez, publicada en 1912."
"Filosofía cristiana en el pensamiento católico de los siglos XIX y XX/1","Emerich Coreth","1993","Philosophy","Esta obra en tres tomos trata por primera vez de un modo global a todos aquellos pensadores y escuelas de pensamiento que han filosofado en los dos últimos siglos a la luz de la fe católica. En este…"
"Las consolaciones de la filosofía","Alain de Botton","2013","Philosophy","¿Cómo podemos conseguir que la filosofía forme parte de nuestra vida cotidiana? Alain de Botton demuestra que ésta es una inagotable fuente de consuelo, capaz de inspirarnos y motivarnos a diario. En…"
"Introducción a la Filosofía","Martin Heidegger","2024","Philosophy","Nueva traducción de de la obra temprana de Heidegger ""Introducción a la filosofía"" (título alemán ""Einleitung in Die Philosophie""), publicada originalmente en 1919. Esta edición contiene un nuevo epí…"
"Filosofia Y Letras","Universidad Nacional Autonoma de Mexico","1941","Ficción","Obra de Universidad Nacional Autonoma de Mexico, publicada en 1941."
"Sexo y Filosofía","Carlos Fernández Liria","2020","Philosophy","Combinar divulgación con rigor nunca es tarea fácil en filosofía; la historia de la filosofía es materia harto inexpugnable, campo abonado a pedanterías e incluso academicismos. Pero es posible acerc…"
"Memoria acerca del estado de la enseñanza en la Universidad","Universidad de La Habana","1929","Education, Higher","Obra de Universidad de La Habana, publicada en 1929."
"a dissertation presented to the faculty of the graduate school university of minnesota","dorothy sutor rundorff","1962","Ficción","Obra de dorothy sutor rundorff, publicada en 1962."
"D. Juan Valera and Nineteenth Century Currents of Thought Reflected in Las Ilusiones Del Doctor Faustino","Dorothy Eileen Sutor Rundorff","1962","Ficción","Obra de Dorothy Eileen Sutor Rundorff, publicada en 1962."
"Páginas literarias","Juan Bautista Alberdi","1920","Argentina","Obra de Juan Bautista Alberdi, publicada en 1920."
"Dictionary Catalog of the University Library, 1919-1962","University of California, Los Angeles. Library","1963","Library catalogs","Obra de University of California, Los Angeles. Library, publicada en 1963."
"Obras completas","Jaime Luciano Balmes","1925","Ficción","Obra de Jaime Luciano Balmes, publicada en 1925."
"Hipótesis (1924-1927)","Samuel Ramos","1928","Philosophy, Modern","Obra de Samuel Ramos, publicada en 1928."
"Revista argentina de ciencias políticas","Rodolfo Rivarola","1914","Political science","Obra de Rodolfo Rivarola, publicada en 1914."
"Anales de la Universidad de Chile","Universidad de Chile","1915","Chile","Obra de Universidad de Chile, publicada en 1915."
"De California a Harvard","Enrique Molina","1921","Universities and colleges","Obra de Enrique Molina, publicada en 1921."
"Historia crítica de los sistemas filosóficos","Matías Nieto Serrano","1898","Ficción","Obra de Matías Nieto Serrano, publicada en 1898."
"Proceedings of the American Catholic Philosophical Association","American Catholic Philosophical Association","1979","Catholic Church and philosophy","Includes a list of members."
"El sistema científico luliano: Ars magna","Salvador Bové","1908","Ficción","Obra de Salvador Bové, publicada en 1908."
"Le Dantec, biologo y filosofo","José Ingenieros","1928","Ficción","Obra de José Ingenieros, publicada en 1928."
"Historia política y parlamentaria de D. Nicolás Salmerón y Alonso","Antonio Llopis y Pérez","1915","Spain","Obra de Antonio Llopis y Pérez, publicada en 1915."
"Obras selectas","Juan Bautista Alberdi","1920","Argentina","Obra de Juan Bautista Alberdi, publicada en 1920."
"List of Books Accessioned and Periodicals Indexed for the Month of ...","Columbus Memorial Library","1951","Latin America","Obra de Columbus Memorial Library, publicada en 1951."
"Latin American Series","Library of Congress","1948","Latin America","Obra de Library of Congress, publicada en 1948."
"A Guide to the Official Publications of the Other American Republics: 8-19","Library of Congress","1948","Government publications","Obra de Library of Congress, publicada en 1948."
"Library of Congress Name Headings with References","Library of Congress","1978","Corporate headings (Cataloging)","Obra de Library of Congress, publicada en 1978."
"El maestro José Manuel Estrada","Rodolfo Rivarola","1913","Ficción","Obra de Rodolfo Rivarola, publicada en 1913."
"Estudios, disertaciones y ensayos filosófico-literarios","Saturnino Milego e Inglada","1880","Philosophy","Obra de Saturnino Milego e Inglada, publicada en 1880."
"Revista de Aragon","Eduardo Ibarra y Rodríguez","1902","Art","Obra de Eduardo Ibarra y Rodríguez, publicada en 1902."
"Revista de derecho internacional","Antonio Sánchez de Bustamante y Sirvén","1922","International law","Obra de Antonio Sánchez de Bustamante y Sirvén, publicada en 1922."
"Obras de Don Juan Donoso Cortés","Juan Francisco Donoso Cortés","1908","Ficción","Obra de Juan Francisco Donoso Cortés, publicada en 1908."
"Enciclopedia juridica española ...","Victor Pedret y Torres","1915","Law","Obra de Victor Pedret y Torres, publicada en 1915."
"Revista del Colegio de Abogados de Buenos Aires","Colegio de Abogados de Buenos Aires","1928","Law","Obra de Colegio de Abogados de Buenos Aires, publicada en 1928."
"La historia de la humanidad","François Laurent","1880","Church and state","Obra de François Laurent, publicada en 1880."
"Estudios de arte y estética","Samuel Ramos","1963","Aesthetics","Obra de Samuel Ramos, publicada en 1963."
"Recreación filosófica, ó Diálogo sobre la filosofía natural","Teodoro de Almeida (C.O.)","1803","Ficción","Obra de Teodoro de Almeida (C.O.), publicada en 1803."
"Obras de Fray Vicente Solano de la Orden de Menores en la República del Ecuador","Vicente Solano","1892","Spanish literature","Obra de Vicente Solano, publicada en 1892."
"The Encyclopedia of Philosophy","Paul Edwards","1967","Philosophy","Treats eastern & western philosophy; it deals with ancient, medieval and modern philosophy; and it discusses the theories of mathematicians, physicist, biologist, sociologists, psychologists, moral r…"
"Discursos leidos ante la Real Academia Sevillana de Buenas Letras, en las recepciones públicas de sus indivíduos","Manuel Héctor Abreu","1890","Spanish literature","Obra de Manuel Héctor Abreu, publicada en 1890."
"Estudios Jurídicos y Polt́icos","Francisco GINER DE LOS RÍOS (Professor.)","1875","Ficción","Obra de Francisco GINER DE LOS RÍOS (Professor.), publicada en 1875."
"La Reforma social","Orestes Ferrara","1915","Social sciences","Obra de Orestes Ferrara, publicada en 1915."
"La metafísica y la poesía","Ramón de Campoamor","1891","Metaphysics","Obra de Ramón de Campoamor, publicada en 1891."
"Colección legislativa de España ...","Spain","1903","Ficción","Obra de Spain, publicada en 1903."
"Diccionario universal de la lengua castellana","Nicolás María Serrano","1878","Encyclopedias and dictionaries, Spanish","Obra de Nicolás María Serrano, publicada en 1878."
"Bibliographia philosophiæ","G. A. de Brie","1954","Philosophy","Obra de G. A. de Brie, publicada en 1954."
"Filosofía y futuro","Richard Rorty","2010","Philosophy","Formado en la tradición de la filosofía analítica angloamericana y profundamente familiarizado con la filosofía centroeuropea, Rorty integra ambas corrientes de pensamiento en sus exploraciones del t…"
"Bibliographia Philosophica, 1934-1945: Bibliographia philosophiæ","G. A. de Brie","1954","Philosophy","Obra de G. A. de Brie, publicada en 1954."
"Filosofía para bufones","Pedro González Calero","2010","Social Science","Cuando un alfarero le preguntó a Sócrates si debía casarse o permanecer soltero, este respondió: ""Hagas lo que hagas te arrepentirás"". Cuando Diógenes fue hecho prisionero y puesto a la venta como es…"
"International Christian Literature Documentation Project","Douglas W. Geyer","1993","Religion","Obra de Douglas W. Geyer, publicada en 1993."
"Lecturas sobre el pensamiento jurídico y político de la Europa de las nacionalidades","Salvador Rus Rufino","2000","Political Science","Obra de Salvador Rus Rufino, publicada en 2000."
"Filosofía de la imagen","Ana GARCÍA VARAS","2011","Philosophy","Ideas e imágenes han sido, desde sus orígenes, el material de lo filosófico. Las imágenes son asimismo, y según una de las retóricas comunes, un núcleo central de la comunicación y la cultura actuale…"
"Recreacion filosófica ó Diálogo sobre la Filosofía Natural para instruccion de personas curiosas que no han frequentado las aulas","Teodoro de Almeida (C.O.)","1792","Ficción","Obra de Teodoro de Almeida (C.O.), publicada en 1792."
"Escritos postumos","Juan Bautista Alberdi","1900","Ficción","Obra de Juan Bautista Alberdi, publicada en 1900."
"Educacin̤ Y Cultura","Juan Comas","1940","Education","Obra de Juan Comas, publicada en 1940."
"La teoría de la referencia","Wenceslao J. González","1986","Philosophy","Obra de Wenceslao J. González, publicada en 1986."
"Formas de la eternidad","Max Colodro","2005","Eternity","Obra de Max Colodro, publicada en 2005."
"Recreación filosófica o Diálogo sobre la filosofía natural ..","Teodoro de Almeida","1785","Ficción","Obra de Teodoro de Almeida, publicada en 1785."
"Author - Title Catalog","University of California, Berkeley. Library","1963","Ficción","Obra de University of California, Berkeley. Library, publicada en 1963."
"Dios, palabra, realidad","José Luis Cabria Ortega","2008","Logos (Christian theology)","Obra de José Luis Cabria Ortega, publicada en 2008."
"El estudio de la filosofía de la ciencia","G. J. Whitrow","1987","Science","Obra de G. J. Whitrow, publicada en 1987."
"University of California Union Catalog of Monographs Cataloged by the Nine Campuses from 1963 Through 1967: Authors & titles","University of California (System). Institute of Library Research","1972","Library catalogs","Obra de University of California (System). Institute of Library Research, publicada en 1972."
"Filosofía de las ciencias","Andler, Daniel","2021","Science","Esta obra, más que tratar de una filosofía de la ciencia general, consiste, por un lado, en un análisis de los problemas que plantea la relación de la actividad científica con otras actividades human…"
"Movimientos filosóficos actuales","Luis Sáez Rueda","2001","Philosophy","Las corrientes del pensamiento actual han ido fraguando un espacio reticular, tejido al mismo tiempo por la afinidad y el desencuentro. Sin renunciar a una exposición sistemática y a una disposición…"
"Historia universal","Cesare Cantú","1875","Ficción","Obra de Cesare Cantú, publicada en 1875."
"Curso de filosofía elemental","Jaime Balmes","1899","Ficción","Obra de Jaime Balmes, publicada en 1899."
"Hacia una filosofía política crítica","Enrique D. Dussel","2001","Political Science","Dussel nos ofrece aquí sus más recientes contribuciones a la filosofía política. Como indica E. Mendieta en su estudio introductorio: “... la ética de la liberación tiene como complemento lógico y co…"
"El hombre y su pensamiento","Jesus A. Leon Castaneda","1984","Ensenanza de la filosofia","Obra de Jesus A. Leon Castaneda, publicada en 1984."
"Historia de la filosofía","Frederick Charles Copleston","1988","Ficción","Obra de Frederick Charles Copleston, publicada en 1988."
"Filosofía iberoamericana del siglo XX","Reyes Mate","2017","Philosophy","Con el volumen dedicado a la «Filosofía iberoamericana del siglo XX» concluye el proyecto editorial de la Enciclopedia Iberoamericana de Filosofía. Obedeciendo a una doble pretensión, práctica y teór…"
"Bibliografía Española contemporánea del derecho y de la política, 1800-1880","Manuel Torres Campos","1883","Ficción","Obra de Manuel Torres Campos, publicada en 1883."
"Ciencia y religión en la filosofía contemporánea","Emile Boutroux","1910","Filosofía y religión","Obra de Emile Boutroux, publicada en 1910."
"Filosofía a mano armada","Tibor Fischer","1997","Education","Eddie Coffin, profesor universitario y filosofo desencantado, depravado y borrachin, perseguido por la policia de su pais por un asunto mas bien hosco, llega a Francia, patria de Montaigne, pensador…"
"Actas del II Congreso Nacional de Filosofía Medieval","Sociedad de Filosofía Medieval","1996","Philosophy","Obra de Sociedad de Filosofía Medieval, publicada en 1996."
"Hombres y documentos de la filosofía española","Gonzalo Díaz Díaz","1980","Philosophy, Spanish","Obra de Gonzalo Díaz Díaz, publicada en 1980."
"Lógica","Laurence Goldstein","2008","Philosophy","(Casi) todas las personas están de acuerdo en que pensar lógicamente y razonar bien es bueno. Pero ¿qué es pensar lógicamente? ¿Qué es lo que distingue el buen razonamiento del malo? El presente libr…"
"Proposiciones relativas al porvenir de la filosofía","José Ingenieros","1918","Philosophy","Obra de José Ingenieros, publicada en 1918."
"Introducción a la filosofía de la ciencia","Marx W. Wartofsky","1987","Science","Obra de Marx W. Wartofsky, publicada en 1987."
"Los problemas de la filosofía","Bertrand Russell","1937","Philosophy","Obra de Bertrand Russell, publicada en 1937."
"Información bibliográfica actualizada de Filosofía","Profesores de Filosofía del Distrito Universitario de Alcalá de Henares. Grupo de Documentación","1991","Ficción","Obra de Profesores de Filosofía del Distrito Universitario de Alcalá de Henares. Grupo de Documentación, publicada en 1991."
"Filosofía del arte","Hippolyte Taine","1905","Aesthetics","Obra de Hippolyte Taine, publicada en 1905."
"El Estadista","Ambrosio L. Ramasso","2018","Philosophy","Excerpt from El Estadista: Notas para una Filosofía de la Vida Pública El prólogo de Daniel Martínez Vigil, que debía ocupar este lugar, ha sido necesario suprimirlo por razones acci dentales. La que…"
"Diccionario de Filosofía","José Ferrater Mora","2002","Ficción","Obra de José Ferrater Mora, publicada en 2002."
"Políticas de la filosofía","François Châtelet","1982","Philosophy","Los cinco ensayos filos ficos aqu presentados prefiguran el horizonte conceptual del hombre contempor neo cuyas preocupaciones se centran en la historia, la filosof a, la historia de la filosof a, la…"
"Diccionario general de Bibliografía española","Dionisio Hidalgo","1862","Spain","Obra de Dionisio Hidalgo, publicada en 1862."
"Geografia general del pais Vasco-Navarro","Francisco Carreras y Candi","1915","Basque Provinces","Obra de Francisco Carreras y Candi, publicada en 1915."
"LA MEDIDA DEL TEIDE","Juan Tous Meliá","2015","Science","Obra de Juan Tous Meliá, publicada en 2015."
"Diccionario general de bibliografía española: Índice de materias. 1881","Dionisio Hidalgo","1881","Spain","Obra de Dionisio Hidalgo, publicada en 1881."
"Biblioteca de Jorge Pombo","Jorge Pombo","1906","Colombia","Obra de Jorge Pombo, publicada en 1906."
"La Rosa","Juan Pérez de Guzmán","1891","Ficción","Obra de Juan Pérez de Guzmán, publicada en 1891."
"Catálogo metódico de la Biblioteca nacional: Historia y geografía (t. 2). 1925","Argentina. Biblioteca Nacional","1925","Latin America","Obra de Argentina. Biblioteca Nacional, publicada en 1925."
"Enrique Pinilla","Édgar Valcárcel","1999","Music","Obra de Édgar Valcárcel, publicada en 1999."
"Bibliografía puertorriqueña","José Géigel y Zenón","1934","Puerto Rican literature","Obra de José Géigel y Zenón, publicada en 1934."
"Boletín de la Real Academia de la Historia","Real Academia de la Historia (Spain)","1911","History","""Inventario de los libros que han tenido ingreso en la secretaría de la Real academía,"" 1922-29, with v. 83, 85, 87, 89, 91-92, 96, 99."
"Diccionario biográfico y bibliográfico de Colombia","Joaquín Ospina","1927","Colombia","Obra de Joaquín Ospina, publicada en 1927."
"Cancionero de la rosa","Juan Perez de Guzman","1891","Ficción","Obra de Juan Perez de Guzman, publicada en 1891."
"Bono: La Biografia","Laura Jackson","2003","Biography & Autobiography","The life, music and passions of Paul David Hewson, better known as Bono, who along with his school friends made up the legendary band U2, are detailed in this biography. Laura Jackson explores the su…"
"Camagüey, biografia de una provincia","Mary Cruz","1955","Camagüey (Cuba : Province)","Obra de Mary Cruz, publicada en 1955."
"Biografia del Cgo. Hon. D. David Luque, 1828-1892","Abel Bazan y Bustos","1922","Ficción","Obra de Abel Bazan y Bustos, publicada en 1922."
"Catálogo metódico de la Biblioteca nacional: Historia y geografía. 1900","Biblioteca Nacional (Argentina)","1900","Latin America","Obra de Biblioteca Nacional (Argentina), publicada en 1900."
"Catalogo metodico de la biblioteca nacional de la Republica Argentina","Biblioteca nacional","1900","Ficción","Obra de Biblioteca nacional, publicada en 1900."
"Intento de un diccionario biográfico y bibliográfico de autores de la provincia de Burgos","Manuel Martínez Añíbarro y Rives","1889","Ficción","Obra de Manuel Martínez Añíbarro y Rives, publicada en 1889."
"1er-3er suplemento al Catálogo de la biblioteca","Universidad Nacional Mayor de San Marcos. Biblioteca","1908","Ficción","Obra de Universidad Nacional Mayor de San Marcos. Biblioteca, publicada en 1908."
"Poesía vertical de Roberto Juarroz","Clea Rojas Freites","2008","Ficción","Obra de Clea Rojas Freites, publicada en 2008."
"Oraciones fúnebres de Jacobo Benigno Bossuet","Jacques Bénigne Bossuet","1911","Funeral sermons","Obra de Jacques Bénigne Bossuet, publicada en 1911."
"Los doce libros de agricultura de Lucio Junio Moderato Columela","Don Vincente Tinajero","1879","Ficción","Obra de Don Vincente Tinajero, publicada en 1879."
"Andrés Vesalio","Joaquín Olmedilla y Puig","1913","Ficción","Obra de Joaquín Olmedilla y Puig, publicada en 1913."
"Breve historia de Honduras","Rubén Barahona","1950","Honduras","Obra de Rubén Barahona, publicada en 1950."
"La emancipación latinoamericana","Instituto panamericano de geografía e historia. Comisión de historia. Comisión de orígines de la emancipación (Caracas).","1966","Ficción","Obra de Instituto panamericano de geografía e historia. Comisión de historia. Comisión de orígines de la emancipación (Caracas)., publicada en 1966."
"Oraciones fúnebres","Jacques Bénigne Bossuet","1914","Europe","Obra de Jacques Bénigne Bossuet, publicada en 1914."
"Boletín de la Biblioteca Nacional","Biblioteca Nacional (Peru)","1953","Libraries","Obra de Biblioteca Nacional (Peru), publicada en 1953."
"Boletín de historia y antigüedades","Academia Colombiana de Historia","1920","Colombia","Obra de Academia Colombiana de Historia, publicada en 1920."
"Catálogo de la Biblioteca municipal de Madrid","Biblioteca Municipal de Madrid","1902","Madrid (Spain)","Obra de Biblioteca Municipal de Madrid, publicada en 1902."
"Ensayo de un catálogo biográfico de escritores de la Provincia y Diócesis de Córdoba","Rafael Ramírez de Arellano","1921","Córdoba (Spain)","Obra de Rafael Ramírez de Arellano, publicada en 1921."
"Directory of Spanish and Portuguese Film-Makers and Films","Rafael de España","1994","Business & Economics","This new book catalogues some 215 prominent film directors from both countries, giving accurate bio-filmographies and providing an in-depth reference source. Full attention is given to the propaganda…"
"Pequeño Larousse ilustrado","Pierre Larousse","1914","Encyclopedias and dictionaries, Spanish","Obra de Pierre Larousse, publicada en 1914."
"Futuridad del Che","Luis Suárez Salazar","2000","History","Obra de Luis Suárez Salazar, publicada en 2000."
"Fuentes para el estudio del estado mexicano (1968-1988)","Jorge Cadena Roa","1989","Excavations (Archaeology)","Obra de Jorge Cadena Roa, publicada en 1989."
"Juan José Saer","Ilse Logie","2013","Comics & Graphic Novels","El escritor argentino Juan José Saer (1937-2005) ha dejado una de las obras más consistentes y consolidadas de la literatura hispanoamericana de la segunda mitad del siglo XX. Impresionante por la de…"
"Discursos","Universidad de Zaragoza","1888","Ficción","Obra de Universidad de Zaragoza, publicada en 1888."
"Historia de Nicaragua desde los tiempos prehistóricos hasta 1860","José Dolores Gámez","1889","Nicaragua","Obra de José Dolores Gámez, publicada en 1889."
"Coleccion legislativa completa de la Republica Mexicana con todas las disposiciones expedidas para la Federacion, el Distrito y los territorios federales","Mexico","1904","Ficción","Obra de Mexico, publicada en 1904."
"The Meaning of Experience in the Prose of Jorge Luis Borges","Ion Tudor Agheana","1988","Literary Criticism","The absence of metonymical emphasis in Borges' prose, of the «realism» promoted by XIXth-century writers, and the vaguely nihilistic tenor of XXth-century philosophy, have contributed to the opinion…"
"The Mexican Novel as a Reflection of the National Problems of Mexico ...","Howard True Wheeler","1934","Fiction, Mexican","Obra de Howard True Wheeler, publicada en 1934."
"Catálogo crítico de libros para niños, 1962-65","Acción Católica Española. Gabinete de Lectura Santa Teresa de Jesús","1967","Children's literature, Spanish","Obra de Acción Católica Española. Gabinete de Lectura Santa Teresa de Jesús, publicada en 1967."
"Catálogo de la biblioteca de la Real academia de ciencias y artes de Barcelona ...","Real Academia de Ciencias y Artes de Barcelona. Biblioteca","1913","Science","Obra de Real Academia de Ciencias y Artes de Barcelona. Biblioteca, publicada en 1913."
"Historia de España y su influencia en la historia universal","Antonio Ballesteros Beretta","1927","Spain","Obra de Antonio Ballesteros Beretta, publicada en 1927."
"Bolívar","Jorge Newton","1968","Ficción","Obra de Jorge Newton, publicada en 1968."
"Historia constitucional de la República Argentina","Emilio Ravignani","1927","Argentina","Obra de Emilio Ravignani, publicada en 1927."
"General Catalogue of Printed Books","British Museum. Dept. of Printed Books","1959","English imprints","Obra de British Museum. Dept. of Printed Books, publicada en 1959."
"A Bibliography of Virginia Woolf","Brownlee Jean Kirkpatrick","1980","Biography & Autobiography","This book, enormously expanded by the inclusion of new items that have appeared since the Third Edition of 1980, describes all of Virginia Woolf's publications: books, pamphlets, articles (including…"
"Anales","Museo Nacional de Antropología (Mexico)","1907","Ethnology","Obra de Museo Nacional de Antropología (Mexico), publicada en 1907."
"Dictionary Catalog of the History of the Americas","New York Public Library. Reference Department","1961","America","Obra de New York Public Library. Reference Department, publicada en 1961."
"La biblioteca del Marques de Santa Cruz","Joaquín de la Llave y García","1885","Ficción","Obra de Joaquín de la Llave y García, publicada en 1885."
"Escritos póstumos","Juan Bautista Alberdi","1897","Argentina","Obra de Juan Bautista Alberdi, publicada en 1897."
"Obras de d. Jose Cecilio del Valle","José Cecilio del Valle","1914","Central America","Obra de José Cecilio del Valle, publicada en 1914."
"Cervantes, Vascófile","Julian Apraiz","1899","Ficción","Obra de Julian Apraiz, publicada en 1899."
"Literatura militar española","Francisco Barado y Font","1890","Military art and science","Obra de Francisco Barado y Font, publicada en 1890."
"Gente","María José de la Fuente","2007","Spanish language","Obra de María José de la Fuente, publicada en 2007."
"Historiografia Paraguaya","Efraim Cardozo","1959","Ficción","Obra de Efraim Cardozo, publicada en 1959."
"A Holy Alliance","Connie L. Scarborough","2009","Biography & Autobiography","Obra de Connie L. Scarborough, publicada en 2009."
"Estudios Eruditos in Memoriam de Adolfo Bonilla Y San Martin (1875-1926)","Madrid. Universidad central de Espana. Facultad de filosofia y letras","1930","Ficción","Obra de Madrid. Universidad central de Espana. Facultad de filosofia y letras, publicada en 1930."
"The State, Bureaucracy, and Politics","Sheryl Lutjens","1987","Bureaucracy","Obra de Sheryl Lutjens, publicada en 1987."
"Manual Que Acompaña ¿Qué Te Parece? Intermediate Spanish. Segunda Parte","James F. Lee","2000","Foreign Language Study","Que te parece? is an exciting and innovative new program suitable for any communicative or proficiency-based intermediate Spanish course. Both the grammar and the activities are driven by the content…"
"Alternate Voices in the Contemporary Latin American Narrative","David William Foster","1985","Literary Criticism","The chapters in this volume are contributions toward a reassessment of contemporary Latin American writing and are based on the strategy of willfully imposing a perspective at radical variance with t…"
"Revista de la Junta de Estudios Históricos de Mendoza","Junta de Estudios Históricos de Mendoza (Argentina)","1938","Cuyo (Argentina)","Obra de Junta de Estudios Históricos de Mendoza (Argentina), publicada en 1938."
"Biographical Dictionaries and Related Works","Robert B. Slocum","1986","Biography","Obra de Robert B. Slocum, publicada en 1986."
"Valdés Leal","Elizabeth du Gué Trapier","1960","Art, Spanish","Obra de Elizabeth du Gué Trapier, publicada en 1960."
"Bibliografía médica venezolana","Ricardo Archila","1955","Medicine","Obra de Ricardo Archila, publicada en 1955."
"Biografía del poder","Enrique Krauze","2013","Biography & Autobiography","Biografía del poder, centrada en la historia mexicana de la primera mitad del siglo XX, constituye el segundo tomo de una trilogía que empezó con Siglo de caudillos (Andanzas 207), que ganó en 1993 e…"
"Aztequismos de Honduras","Alberto Membreño","1907","Spanish language","Obra de Alberto Membreño, publicada en 1907."
"Ensayo político sobre la isla de Cuba","Alexander von Humboldt","1930","Cuba","Obra de Alexander von Humboldt, publicada en 1930."
"Velarde 1808-1908","José Montero","1908","Ficción","Obra de José Montero, publicada en 1908."
"Estudios sobre Vicente Medina","Francisco Javier Díez de Revenga","1987","Ficción","Obra de Francisco Javier Díez de Revenga, publicada en 1987."
"Anales","Universidad de Chile","1893","Ficción","Obra de Universidad de Chile, publicada en 1893."
"Los biógrafos de Cervantes en el siglo xix","Luis Vidart","1889","Ficción","Obra de Luis Vidart, publicada en 1889."
"Juan Rufo, jurado de Córdoba","Rafael Ramírez de Arellano","1912","Ficción","Obra de Rafael Ramírez de Arellano, publicada en 1912."
"Estudio sobre el decreto constitucional de Apatzingan","Universidad Nacional Autónoma de México. Consejo Técnico de Humanidades","1964","Constitutional history","Obra de Universidad Nacional Autónoma de México. Consejo Técnico de Humanidades, publicada en 1964."
"Monografías","Ramón C. Correa","1930","Boyacá (Colombia : Department)","Obra de Ramón C. Correa, publicada en 1930."
"Boletín de la Biblioteca Nacional","Biblioteca Nacional de México","1912","Bibliography","Obra de Biblioteca Nacional de México, publicada en 1912."
"Estudios filosóficos","Ricaurte Soler","1974","Causation","Obra de Ricaurte Soler, publicada en 1974."
"Anales del Instituto de Biología de la Universidad Nacional Autónoma de México","Universidad Nacional Autónoma de México. Instituto de Biología","1938","Biology","Obra de Universidad Nacional Autónoma de México. Instituto de Biología, publicada en 1938."
"Reseña histórica de la vida y martirio de los VV. Sres. Sanz y Serrano, y PP. Alcover, Royo y Díaz de la Órden de Predicadores","Cayetano García Cienfuegos","1893","Martyrologies","Obra de Cayetano García Cienfuegos, publicada en 1893."
"Elogio del Lic. José de Armas y Cárdenas","Antonio L. Valverde","1923","Ficción","Obra de Antonio L. Valverde, publicada en 1923."
"Historia del descubrimiento de América","Emilio Castelar","1892","America","Obra de Emilio Castelar, publicada en 1892."
"Historia de la Universidad de Buenos Aires y de su influencia en la cultura argentina","Juan Agustín García","1921","Ficción","Obra de Juan Agustín García, publicada en 1921."
"Linaje de Morovelli y ortos ilustres de Sevilla","Francisco Morovelli de Puebla","1918","Seville (Spain)","Obra de Francisco Morovelli de Puebla, publicada en 1918."
"A Bibliography of the Belles-lettres of Venezuela","Samuel Montefiore Waxman","1935","Venezuela","Obra de Samuel Montefiore Waxman, publicada en 1935."
"Catalog of the Nettie Lee Benson Latin American Collection","Benson Latin American Collection","1971","Latin America","Obra de Benson Latin American Collection, publicada en 1971."
"El siglo XVIII en la pre-ilustración salmantina","Juan Luis Cortina Iceta","1981","Philosophy","Obra de Juan Luis Cortina Iceta, publicada en 1981."
"Detén el tiempo den tus manos","Roberto Cantoral Zucchi","2023","Biography & Autobiography","Tienes en tus manos un retrato escrito de la vida de uno de los más grandes y reconocidos compositores mexicanos: Roberto Cantoral, un hombre que tuvo como pasión la música y la creación artística. A…"
"Biographical Dictionaries and Related Works: Biography by vocation ; Author index ; Title index ; Subject index","Robert B. Slocum","1986","Biography","Obra de Robert B. Slocum, publicada en 1986."
"Anales del Museo Nacional de México","Museo Nacional de México","1907","Mexico","Obra de Museo Nacional de México, publicada en 1907."
"Catálogo de la Biblioteca, por orden alfabético de autores","Universidad Nacional de Córdoba. Biblioteca Mayor","1906","Ficción","Obra de Universidad Nacional de Córdoba. Biblioteca Mayor, publicada en 1906."
"Diccionario biográfico chileno, 1550-1887","Pedro Pablo Figueroa","1887","Chile","Obra de Pedro Pablo Figueroa, publicada en 1887."
"Refutación de un libro titulado San Raimundo de Peñafort, fundador de la Orden de la Merced","Faustino D. Gazulla","1920","Ficción","Obra de Faustino D. Gazulla, publicada en 1920."
"Diccionario histórico, biográfico y bibliográfico de Chile","Virgilio Figueroa","1929","Chile","Obra de Virgilio Figueroa, publicada en 1929."
"Proceedings, Rocky Mountain Council on Latin American Studies ... Annual Report","Rocky Mountain Council on Latin American Studies","1978","Latin America","Obra de Rocky Mountain Council on Latin American Studies, publicada en 1978."
"Leonardo","Michael White","2003","Biography & Autobiography","Obra de Michael White, publicada en 2003."
"Biografía incompleta","Gerardo Diego","1953","Ficción","Obra de Gerardo Diego, publicada en 1953."
"Avisos de Jerónimo de Barrionuevo (1654 - 1658) precede una noticia de la vida y escritos del autor por A. Paz y Mélia","Jerónimo de Barrionuevo","1894","Ficción","Obra de Jerónimo de Barrionuevo, publicada en 1894."
"Who's who in Latin America","Percy Alvin Martin","1935","Brazil","Obra de Percy Alvin Martin, publicada en 1935."
"Bibliografia critica de las obras de Miguel de Cervantes Saavedra","Leopoldo Rius","1895","Ficción","Obra de Leopoldo Rius, publicada en 1895."
"Felipe Pedrell","Luis Villalba Muñoz","1922","Composers","Obra de Luis Villalba Muñoz, publicada en 1922."
"Thomas Bernhard","Miguel Sáenz","1996","Juvenile Nonfiction","Obra de Miguel Sáenz, publicada en 1996."
"Widener Library Shelflist: Latin American literature","Harvard University. Library","1969","Library catalogs","Obra de Harvard University. Library, publicada en 1969."
"Estudios críticos sobre biografía, historia, literatura y arte","Fermín Herrán","1879","Art criticism","Obra de Fermín Herrán, publicada en 1879."
"La Ilustración española y americana","Abelardo de Carlos","1889","Ficción","Obra de Abelardo de Carlos, publicada en 1889."
"Libro del desasosiego","Fernando Pessoa","2014","Fiction","Sin duda una de las obras más personales, abiertas, inclasificables e imprescindibles de toda la literatura contemporánea, está compuesto por más de medio millar de fragmentos que operan de una maner…"
"Gabriel García Márquez","Gerald Martin","2011","Biography & Autobiography","La biografía definitiva de García Márquez, una obra extraordinaria fruto de 17 años de trabajo. «Todo escritor con principios debería tener un biógrafo inglés», dijo Gabriel García Márquez sobre este…"
"Biografía de Fr. Luis de Granada con unos artículos literarios donde se demuestra que el venerable padre, y no San Pedro de Alcántara, es verdadero y único autor del Libro de la Oración","Justo Cuervo","1895","Ficción","Obra de Justo Cuervo, publicada en 1895."
"Amigos de sor Juana","Guillermo Schmidhuber de la Mora","2014","Literary Criticism","El autor nos presenta seis rigurosos estudios sobre igual número de personajes que influyeron notablemente en la vida de sor Juana, aunque de diversa manera; mientras unos la alentaron a seguir sus i…"
"Vocabulario básico de liturgia","José Aldazábal","1996","Liturgics","""Books by authors. For reflection, systematic exposition or high level publication. For teaching or a higher level of liturgical formation. This book precisely and simply explains the meaning of 465…"
"Auxiliar Bíblico Portavoz","Harold L. Willmington","1996","Reference","Comentario de toda la Biblia, estudio de 12 doctrinas, resumen temático de la Biblia, resumen histórico de los más importantes pueblos bíblicos y otras ayudas."
"Misterios Inexplicables Del Cielo y la Tierra","Ron Phillips","2013","Religion","Las obras del Señor son grandes, estudiadas por todos los que tienen placer en ellas. (Salmos 111:2) La Escritura indica claramente que hasta el mismo orden creativo grita como testigo de Dios. Salmo…"
"Misterio...","Hugh Conway","1886","Ficción","Obra de Hugh Conway, publicada en 1886."
"Diccionario técnico Akal de cine","Ira Konigsberg","2004","Performing Arts","Exhaustivo recorrido por todos los ámbitos del mundo del cine, de la producción y el equipo técnico a los géneros cinematográficos y los grandes estudios. Una herramienta imprescindible para estudian…"
"Compendio de la Doctrina Social de la Iglesia","Pontificio Consejo Justicia y Paz","2004","Religion","El Compendio de la Doctrina Social de la Iglesia está elaborado, por encargo del Santo Padre Juan Pablo II, por el Pontificio Consejo Justicia y Paz. El documento se pone a disposición de todos aquel…"
"Historia nacional de la infamia","Pablo Piccato","2020","History","Éste es un libro sobre la infamia en México y, a la vez, sobre la infamia de México: al explorar diversas expresiones criminales en el país durante buena parte del siglo XX Pablo Piccato da cuenta de…"
"LA BIBLIA GNÓSTICA","Samael Aun Weor","2015","Ficción","""Y aconteció que, cuando Jesús había resucitado de entre los muertos, que pasó once años discurriendo con sus discípulos, enseñándoles ..."" - La Pistis Sophía Los apóstoles escribieron lo que Jesús l…"
"Parece el lugar en que viví","Garamona, Francisco","2024","Poetry","El viaje a la poesía de Garamona no tiene en realidad un final de cuento, su relato es una invención del día que viene a cortar el ritmo y asume la forma limitada de otro libro. Pero su demanda no ce…"
"Los araucanos en el misterio de los Andes","Aída Kurteff","1979","Civilization, Ancient","Obra de Aída Kurteff, publicada en 1979."
"La senda del martirio; ó El misterio de una tumba","Elvira Duarte","1901","Ficción","Obra de Elvira Duarte, publicada en 1901."
"Vida y misterios de Cristo Nuestro Señor","Pedro de Ribadeneira","1878","Ficción","Obra de Pedro de Ribadeneira, publicada en 1878."
"Catecismo de la doctrina cristiana","Joseph Deharbe","1897","Religious literature, Mexican","Obra de Joseph Deharbe, publicada en 1897."
"20 soles","Angela Castillo","2021","Fiction","Dos almas gemelas son enviadas a un mundo con una misión. Pero ellos no saben que tienen un alma gemela ni saben que tienen una misión. No saben porque no lo recuerdan. Eva Luna, una chica terrestre…"
"Romancero Espiritual en gracia de los Esclavos del santísimo Sacramento para cantar cuando se muestra descubierto por el Maestro Josef de Valdivielso precedido de un prólogo por el Rdo. P. Miguel Mir de la compañia de Jesus","Josef de Valdivielso","1880","Ficción","Obra de Josef de Valdivielso, publicada en 1880."
"Vicente Huidobro y la motivación del lenguaje","George Yúdice","1978","Ficción","Obra de George Yúdice, publicada en 1978."
"Amado Nervo","Pedro B. Franco","1919","Ficción","Obra de Pedro B. Franco, publicada en 1919."
"Historia de la poesía castellana en la edad media","Marcelino Menéndez y Pelayo","1916","Spanish poetry","Obra de Marcelino Menéndez y Pelayo, publicada en 1916."
"El Catecismo de la doctrina explicado a explicaciones del As Tete que convienen tambien al Ripalda","Santiago José García Mazo","1924","Ficción","Obra de Santiago José García Mazo, publicada en 1924."
"Obras completas del Exemo","Marcelino Menéndez y Pelayo","1916","Ficción","Obra de Marcelino Menéndez y Pelayo, publicada en 1916."
"Bajo el compás","Salvador Martínez Rozas","1918","Ficción","Obra de Salvador Martínez Rozas, publicada en 1918."
"Historia de las ideas estéticas en España","Marcelino Menéndez y Pelayo","1908","Aesthetics","Obra de Marcelino Menéndez y Pelayo, publicada en 1908."
"Estudios filosóficos sobre el cristianismo, compendiados [in transl.] por R.S. Gómez","Jean Jacques Auguste Nicolas","1888","Ficción","Obra de Jean Jacques Auguste Nicolas, publicada en 1888."
"Obras completas ...","Marcelino Menéndez y Pelayo","1908","Ficción","Obra de Marcelino Menéndez y Pelayo, publicada en 1908."
"Redactor de la H. Cámara de Diputados (Sesiones reservadas).","Bolivia. Congreso Nacional. Cámara de Diputados","1924","Bolivia","Includes the ordinary and extraordinary sessions."
"P. Antonio Vieira, S. J.","António Vieira (S.I.)","1928","Ficción","Obra de António Vieira (S.I.), publicada en 1928."
"Los Hermanos Penitentes","Mary Martha Weigle","1984","Ficción","Obra de Mary Martha Weigle, publicada en 1984."
"Diario oficial de la República Oriental del Uruguay","Uruguay","1959","Law","Obra de Uruguay, publicada en 1959."
"Estudios sobre la historia de la humanidad","François Laurent","1879","Church and state","Obra de François Laurent, publicada en 1879."
"Teodicea","Gottfried Wilhelm Leibniz","1946","Ficción","Obra de Gottfried Wilhelm Leibniz, publicada en 1946."
"Catálogo general","Sociedad de Autores Españoles","1913","Spanish drama","Obra de Sociedad de Autores Españoles, publicada en 1913."
"The World Encyclopedia of Comics","Maurice Horn","1976","Comics & Graphic Novels","« The World Encyclopedia of Comics is the first comprehensive survey of this universally popular art form. Covering in two volumes the vast field of comic art since its inception, this monumental wor…"
"The Spanish Drama Collection in the Oberlin College Library","Oberlin College. Library","1946","Spanish drama","Obra de Oberlin College. Library, publicada en 1946."
"Antología Ecuatoriana","Academia Ecuatoriana","1892","Ecuadorian poetry","Obra de Academia Ecuatoriana, publicada en 1892."
"Literatura castellana","Manuel de Montoliu","1930","Spanish literature","Obra de Manuel de Montoliu, publicada en 1930."
"El nuevo mundo polar","Alice Lardé de Venturino","1929","Salvadoran poetry","Obra de Alice Lardé de Venturino, publicada en 1929."
"Discursos leídos ante la Real academia española","Vicente Barrantes","1876","Philosophy","Obra de Vicente Barrantes, publicada en 1876."
"Mundo gráfico","F. V. Landi","1916","Ficción","Obra de F. V. Landi, publicada en 1916."
"Filosofía fundamental","Jaime Luciano Balmes","1922","Philosophy","Obra de Jaime Luciano Balmes, publicada en 1922."
"Cuadernos de filosofía","Universidad de Buenos Aires. Instituto de Filosofía","1948","Philosophy","Obra de Universidad de Buenos Aires. Instituto de Filosofía, publicada en 1948."
"Revista de estudios hispánicos","University of Alabama. Department of Romance Languages","1997","Civilization, Hispanic","Obra de University of Alabama. Department of Romance Languages, publicada en 1997."
"Southern Anthropological Society Proceedings","Southern Anthropological Society","1980","Anthropological museums and collections","Obra de Southern Anthropological Society, publicada en 1980."
"Ética ó Filosofía moral","Juan Manuel Ortí y Lara","1874","Ficción","Obra de Juan Manuel Ortí y Lara, publicada en 1874."
"Doctrinas religiosas del racionalismo contemporáneo","Francisco de Paula Canalejas","1875","Indo-European languages","Obra de Francisco de Paula Canalejas, publicada en 1875."
"Wrestling Title Histories","Archeus Communications","2000","Sports & Recreation","Obra de Archeus Communications, publicada en 2000."
"Hardcore Wrestling!","Tyler Christian","1999","Games & Activities","This full-color guide covers the whole wrestling phenomenon, including moves, cheats, and strategies for all the top-selling wrestling video games. Inside information topics include: photos and profi…"
"Filosofía en cartera","José María Samper","1887","Ficción","Obra de José María Samper, publicada en 1887."
"Abenmasarra y su escuela","Miguel Asín Palacios","1914","Arabs","Obra de Miguel Asín Palacios, publicada en 1914."
"Ensayos sobre la trascendencia","Ivan Illich","1971","Arts and religion","Obra de Ivan Illich, publicada en 1971."
"The Linguistics of Maya Writing","Søren Wichmann","2004","Education","Deciphering Maya hieroglyphics SCHOLARS FIRST BEGAN to unravel the ancient Maya ""script"" during the 1980s, based primarily on phonetic decipherment of individual signs with reference to recorded lang…"
"The Porto Rico School Review","José Padín","1918","Education","Obra de José Padín, publicada en 1918."
"Studies in Spanish Literature in Honor of Daniel Eisenberg","Thomas A. Lathrop","2009","Literary Criticism","Obra de Thomas A. Lathrop, publicada en 2009."
"Diario de sesiones de la Cámara de Diputados","Argentina. Congreso de la Nación. Cámara de Diputados de la Nación","1922","Argentina","Obra de Argentina. Congreso de la Nación. Cámara de Diputados de la Nación, publicada en 1922."
"Obras del V. P. M. fray Luis de Granada","Luis (de Granada)","1906","Ficción","Obra de Luis (de Granada), publicada en 1906."
"El Misterio","Leónidas Andréiev","2023","Fiction","El Misterio, obra de Leónidas Andréiev, es una narración que se adentra en el complejo mundo de las emociones humanas y las confrontaciones existenciales. En un estilo introspectivo y simbólico, Andr…"
"Directorio de las doctrinas quichuas en el Ecuador","Leonardo Gassó","1895","Quechua language","Obra de Leonardo Gassó, publicada en 1895."
"The Great Power of God in San Juan Valley","Jan Lundius","1995","History","Obra de Jan Lundius, publicada en 1995."
"Historia Belemítica","Joseph Garcia de la Concepcion","1956","Bethlehemites","Obra de Joseph Garcia de la Concepcion, publicada en 1956."
"Catálogo de la Biblioteca Pública de Mahón","Miguel Roura y Pujol","1890","Ficción","Obra de Miguel Roura y Pujol, publicada en 1890."
"Catálogo de la Biblioteca Pública de Mahón: A-G","Biblioteca Pública de Mahón","1890","Ficción","Obra de Biblioteca Pública de Mahón, publicada en 1890."
"The Arthur of the Iberians","David Hook (Professor)","2015","Literary Criticism","This book studies the spread of Arthurian legends throughout the Spanish- and Portuguese-speaking worlds in Iberia and overseas, and the influence of those legends in literature and society there fro…"
"Catalog of the Second Pan American Book Exposition","Pan American Union","1947","Book industries and trade","Obra de Pan American Union, publicada en 1947."
"Poetry of Emilio Prados","Harriet Greif","1980","Ficción","Obra de Harriet Greif, publicada en 1980."
"Romance Philology","Yakov Malkiel","1971","Romance philology","Obra de Yakov Malkiel, publicada en 1971."
"The Poetry of Vincente Goas","Elaine Marie De Costa","1976","Ficción","Obra de Elaine Marie De Costa, publicada en 1976."
"The Virgin Mary and the Song of Songs in the High Middle Ages","Rachel Lee Fulton","1995","Bible","Obra de Rachel Lee Fulton, publicada en 1995."
"Magical Realism and Beyond","Roy Boland","1991","Latin American fiction","Obra de Roy Boland, publicada en 1991."
"Antonio Gaudi; a Reappraisal","Eusebi Casanelles","1965","Spain: architecture","Obra de Eusebi Casanelles, publicada en 1965."
"Old Spanish Readings","Jeremiah Denis Matthias Ford","1966","Spanish language","Obra de Jeremiah Denis Matthias Ford, publicada en 1966."
"Vida Y Obra de Galdós (1843-1920)","Joaquín Casalduero","1970","Ficción","Obra de Joaquín Casalduero, publicada en 1970."
"Directors and Their Films","Brooks Bushnell","1993","Performing Arts","This is the most comprehensive reference work available anywhere, ever, to (1) films and their directors, and (2) directors and their films. Part one is by director. Each entry lists films, years of…"
"Federico Barocci","Stuart Lingo","2008","Art","Federico Barocci was among the most admired painters in sixteenth-century Italy, but the distinctive nature of his compelling altarpieces and their historical importance have never been fully underst…"
"Anales de guerra de Cuba","Antonio Pirala","1898","Cuba","Obra de Antonio Pirala, publicada en 1898."
"Obras completas del doctor d. Manuel Milá Fontanals ...: Opúsculos literarios","Manuel Milá y Fontanals","1893","Catalan literature","Obra de Manuel Milá y Fontanals, publicada en 1893."
"Obras completas del Doctor D. Manuel MilÃ¡ y Fontanals","Manuel MilÃ¡ y Fontanals","1893","Ficción","Obra de Manuel MilÃ¡ y Fontanals, publicada en 1893."
"Twentieth-century Spanish Fiction Writers","Martha Eulalia Altisent","2006","Biography & Autobiography","Essays on a variety of Spanish authors who shaped the development of Spanish fiction in the twentieth century. Entries focus on the interconnections between life and writing and trace the writers' pe…"
"Nuevo diccionario de la lengua castellana por la Academia española, anadido con unas veinte y seis mil voces...","Vicente Salva","1879","Ficción","Obra de Vicente Salva, publicada en 1879."
"El Misterio de la Existencia","Alejandro Mejía Pereda","1984","Conduct of life","Obra de Alejandro Mejía Pereda, publicada en 1984."
"El misterio de la cañada","Felipe Jordán Jiménez","2014","Juvenile Fiction","Todos dicen que es la muerte misma llevando las riendas de un negro vagón cargado de cadáveres. Ante el desconcierto de las fuerzas del orden y de toda la sociedad santiaguina, es Manolo, un muchacho…"
"El misterio del colibrí","Rodolfo Naró","2021","Juvenile Fiction","Ante la hecatombe que se cernía sobre el mundo, Colibrí, Paloma y Luciérnaga salieron a buscar nada menos que la paz. Cruzaron toda América latina hasta llegar a la Antártida. Se toparon con tucanes…"
"Annual Report","Iowa's Center for Agricultural Safety and Health","2003","Agriculture","Obra de Iowa's Center for Agricultural Safety and Health, publicada en 2003."
"El misterio de las cuatro cartas","Sophie Hannah","2019","Fiction","Vuelve Hércules Poirot, el detective más célebre de la historia de la novela negra, en un apasionante nuevo caso que llevará sus células grises al límite. Hércules Poirot se encuentra con una mujer m…"
"Un Rastro de Muerte: Un Misterio Keri Locke – Libro #1","Blake Pierce","2017","Fiction","Obra de Blake Pierce, publicada en 2017."
"¡Resuelve el misterio! - Manual para detectives","Lauren Magaziner","2023","Juvenile Fiction","¡CONVIÉRTETE EN UN SUPERDETECTIVE CON ¡RESUELVE EL MISTERIO! ¡Hay una vacante en la agencia de detectives Las Pistas! ¿Te interesa? En Manual para detectives, Carlos, Eliza y Frank van a mostrarte to…"
"Libro de los misterios","Fernando Díez de Medina","1951","Bolivian drama","Obra de Fernando Díez de Medina, publicada en 1951."
"Jesucristo, revelación del misterio del hombre","Martín Gelabert Ballester","1997","Social Science","Que es un hombre bueno y autentico, feliz y libre? Entre las muchas respuestas que se han dado a esta pregunta, este libro considera la respuesta cristiana. Reflexiona, por tanto, sobre el ser humano…"
"El Arrepentimiento Musical","Jacqueline M.Q.","2022","Fiction","♥ Soy Mavrud y utilizo la menstruación para resolver casos antes de que muera alguien gracias a mis sentidos en solo 5 días. No soy Belga ni estuve en la guerra. No soy inglesa ni me excitan los ases…"
"El hombre del buho","Enrique González Martínez","1944","Ficción","Obra de Enrique González Martínez, publicada en 1944."
"MISTERIO","RAQUEL ALONSO VILATA","2023","Fiction","Permíteme presentarte mi nuevo libro 'Misterio. La puerta del secreto', una novela que te sumergirá en una ciudad llena de misterio y suspense. La historia comienza con la aparición de una misteriosa…"
"Una Razón para Huir (Un Misterio de Avery Black—Libro 2)","Blake Pierce","2017","Fiction","""Una dinámica historia que atrapa desde el primer capítulo y no deja ir."" --Midwest Book Review, Diane Donovan (sobre Una Vez Desaparecido) Del autor de misterio #1 mejor vendido Blake Pierce llega u…"
"Segundo Exposición Bibliográfica Internacional sobre El Misterio de Dios ""El Espíritu Santo Ayer y Hoy""","Exposición Bibliográfica Internacional sobre el Misterio de Dios El Espíritu Santo Ayer y Hoy (2, 1982, Salamanca)","1982","Ficción","Obra de Exposición Bibliográfica Internacional sobre el Misterio de Dios El Espíritu Santo Ayer y Hoy (2, 1982, Salamanca), publicada en 1982."
"Si Ella Se Ocultara (Un Misterio Kate Wise—Libro 4)","Blake Pierce","2019","Fiction","Una obra maestra de suspenso y misterio. Blake Pierce ha hecho un magnífico trabajo desarrollando personajes con un lado psicológico tan bien descrito que nos lleva al interior de sus mentes, siguién…"
"El misterio de los cinco misterios","Luciana Caro","2024","Health & Fitness","Esta es una novela en la que se entrelazan varios temas: la adolescencia, la familia, el duelo, la oración, la amistad, la lucha contra las dificultades... Su protagonista es una adolescente que tien…"
"""relatos Enredados Entre El Misterio""","Renata Skada","2011","Fiction","¡INVENTO!REINVENTO EL MISTERIO.¡RESUCITANDO!MONTAÑAS DE ARENAS INHÓSPITAS.¡VIVIENDO!LAS LUNAS,NOCHES,BRILLOS.DESLUMBRES INALCANZABLES.LATIDOS AGITADOS,JUEGOS DE AMANTES.PERSIGUIENDO...¡LUNARES!INHIBI…"
"¡Resuelve el misterio! El diario de Eliza 2 - El misterio de los hermanos","Lauren Magaziner","2026","Juvenile Fiction","MONTONES DE PISTAS POR SEGUIR, ENIGMAS POR RESOLVER Y DOS MISTERIOS POR DESCUBRIR. ¿TE ATREVES A CONVERTIRTE EN DETECTIVE? Eliza regresa a la Academia Enigma para enfrentarse a un misterio que ha des…"
"La Traición: cuento corto de misterio y suspenso","Jimena Soledad Ruiz","2023","Fiction","Un cuento corto de misterio donde una traición inesperada cambia la vida de todos. Secretos ocultos, decisiones difíciles y un final que nadie imagina. La trama se complica aún más, ya que las cámara…"
"Los Archivos Clasificados de Alex","A. M. Hernandez","2025","Fiction","Cuando Alex abre el casillero 13, no solo encuentra polvo brillante... encuentra un misterio. En esta emocionante historia de aventura, Alex -un niño curioso de 11 años con pasión por la ciencia- des…"
"Obras Completas 1 Sherlock Holmes","Arthur Conan Doyle","2008","Private investigators","Obra de Arthur Conan Doyle, publicada en 2008."
"Aventura","Horacio Angel Schiavo","1927","Ficción","Obra de Horacio Angel Schiavo, publicada en 1927."
"Las aventuras de Sherlock Holmes","Arthur Conan Doyle","2015","Fiction","Ebook con un sumario dinámico y detallado: Las aventuras de Sherlock Holmes es una serie de relatos de Sir Arthur Conan Doyle que comprenden las aventuras del famoso detective Sherlock Holmes y su am…"
"Las aventuras del barón de Münchhausen","Gotffried A. Bürguer","2018","Young Adult Fiction","El escritor y científico Gotffried A. Bürguer se basó en la vida de un personaje real, Karl Friedrich Hieronymus, miembro de una de las familias más antiguas de la baja Sajonia, para escribir este li…"
"Aventura","Gregorio Martínez Sierra","1926","Ficción","Obra de Gregorio Martínez Sierra, publicada en 1926."
"El fuego de la verdad","José Ignacio Munilla","2024","Religion","Durante tres años he dedicado una sección del programa que presento en Radio María, Sexto Continente, a comentar una selección de aforismos de Chesterton en torno a las principales cuestiones de la v…"
"El cantar de los Nibelungos","Anónimo","2024","Fiction","El Cantar de los Nibelungos es un texto clave de la literatura germana, que con sus historias de magia, venganzas y aventuras amorosas despliega todo el sentido de la maravilla de las gestas medieval…"
"Sherlock Holmes obras completas Tomo 1","Arthur Conan Doyle","2022","Fiction","""La vida es infinitamente más extraña que cualquier cosa que pueda inventar la mente humana. No nos atreveríamos a imaginar ciertas cosas que en realidad son de lo más corrientes. Si pudiéramos salir…"
"La aventura de Isidro","Emilia Pardo Bazán","1920","Ficción","Obra de Emilia Pardo Bazán, publicada en 1920."
"La aventura de los galeotes","Serafín Álvarez Quintero","1905","Spanish drama","Obra de Serafín Álvarez Quintero, publicada en 1905."
"La aventura de Cayo Malínao","Guillermo Gómez Windham","1924","Ficción","Obra de Guillermo Gómez Windham, publicada en 1924."
"Boletin minero","Mexico. Departamento de Minas","1919","Mineral industries","Obra de Mexico. Departamento de Minas, publicada en 1919."
"El ingenioso hidalgo Don Quijote de la Mancha","Miguel de Cervantes Saavedra","1910","Ficción","Obra de Miguel de Cervantes Saavedra, publicada en 1910."
"Prontuario de hispanismo y barbarismo","Juan Mir y Noguera","1908","Diccionarios de barbarismos","Obra de Juan Mir y Noguera, publicada en 1908."
"Studies in Honor of Ruth Lee Kennedy","Vern G. Williamsen","1977","Spanish literature","Obra de Vern G. Williamsen, publicada en 1977."
"Human Resources in Healthcare","Bruce Fried","2005","Business & Economics","Human Resources in Healthcare: Managing for Success, Second Edition presents the techniques and practices behind effectively managing people?the healthcare industry?s most important asset. It provide…"
"Debates of the National Assembly (Hansard)","South Africa. Parliament (1994- ). National Assembly","1998","South Africa","Obra de South Africa. Parliament (1994- ). National Assembly, publicada en 1998."
"Inglaterra pintada por un inglés, ó, Las aventuras de Rodrigo Random","Tobias George Smollett","1879","Ficción","Obra de Tobias George Smollett, publicada en 1879."
"Aventuras de Apolinar Carrasco","Emilio Moreno Cebada","1874","Ficción","Obra de Emilio Moreno Cebada, publicada en 1874."
"Índice de las notas de D. Diego Clemencín en su edición de El ingenioso hidalgo Don Quijote de la Mancha","Charles Frederick Bradford","1885","Ficción","Obra de Charles Frederick Bradford, publicada en 1885."
"El Ingenioso Hidalgo Don Quijote de la Mancha ... Edicion ilustrada con las notas de Pellicer, Clemencin y otros. (Noticia sobre la vida y escritos de Cervantes by L. Viardot .)","Miguel de Cervantes Saavedra","1873","Ficción","Obra de Miguel de Cervantes Saavedra, publicada en 1873."
"Archaeological Excavations in Northern Belize, Central America","Raymond V. Sidrys","1983","Social Science","Obra de Raymond V. Sidrys, publicada en 1983."
"El Averiguador universal","José María Sbarbi y Osuna","1880","Questions and answers","Obra de José María Sbarbi y Osuna, publicada en 1880."
"Libros de caballerías","Adolfo Bonilla y San Martín","1908","Chivalry","Obra de Adolfo Bonilla y San Martín, publicada en 1908."
"El ingenioso hidalgo don Qvixote de la Mancha","Miguel de Cervantes Saavedra","1927","Ficción","Obra de Miguel de Cervantes Saavedra, publicada en 1927."
"El ingenioso hidalgo Don Quixote de la Mancha","Miguel de Cervantes Saavedra","1927","Ficción","Obra de Miguel de Cervantes Saavedra, publicada en 1927."
"Aventuras contemporáneas","Eugenio Silvela","1912","Ficción","Obra de Eugenio Silvela, publicada en 1912."
"Aventuras maravillosas","M. P. Hartmann","1906","Ficción","Obra de M. P. Hartmann, publicada en 1906."
"Humano ardor (aventuras, luchas y amores de Salvador de la Fuente.)","Alberto Ghiraldo","1930","Ficción","Obra de Alberto Ghiraldo, publicada en 1930."
"Questions and Replies of the National Assembly","South Africa. Parliament (1994- ). National Assembly","2000","South Africa","Obra de South Africa. Parliament (1994- ). National Assembly, publicada en 2000."
"The Economics of Leisure and Tourism","John Tribe","1995","Business & Economics","The Economics of Leisure and Tourism is a new and fresh text which tackles issues that will affect the sector into the next century including globilization, virutal leisure, and the grey and green re…"
"Oye Como Va!","Deborah Pacini Hernandez","2010","Music","Latino music as an amalgam of American cultures"
"The American Mineralogist","Walter Fred Hunt","1944","Mineralogy","Vols. 6- include Proceedings of the 1st- , 1920- annual meeting of the society."
"Estimates of National Expenditure","South Africa","2005","Budget","Obra de South Africa, publicada en 2005."
"Time Out Barcelona","Time Out","2003","Travel","An endless cycle of festivals, with extraordinary architecture and a good climate as a backdrop, make Barcelona an exuberant city. It has something for everyone, from world-class restaurants, museums…"
"Libros de caballerías: pte. Ciclo de los palmerines. Extravagantes. Glosario. Variantes. Correcciones Indices","Adolfo Bonilla y San Martín","1908","Chivalry","Obra de Adolfo Bonilla y San Martín, publicada en 1908."
"Aventuras de tres rusos y de tres ingleses en Africa austral","Jules Verne","1879","Ficción","Obra de Jules Verne, publicada en 1879."
"Las aventuras del Vicario de Wakefield","Oliver Goldsmith","1901","Spanish literature","Obra de Oliver Goldsmith, publicada en 1901."
"Mobil Travel Guide Florida","Mobil Travel Guide","2008","Travel","Mobil Travel Guides feature in-depth profiles of the best lodgings, restaurants, sights and attractions that each easily drivable region has to offer. Comprehensive and easy to use, each Regional Tra…"
"Historia del excmo. ayuntamiento de la muy noble, muy leal, muy heróica e invicta ciudad de Sevilla","Joaquín Guichot y Parody","1896","Ficción","Obra de Joaquín Guichot y Parody, publicada en 1896."
"La imitacíon de la luz","Ramiro Pérez Reinoso","1926","Ficción","Obra de Ramiro Pérez Reinoso, publicada en 1926."
"Discursos políticos del dr. Mariano H. Cornejo ...","Mariano Harlan Cornejo","1919","Peru","Obra de Mariano Harlan Cornejo, publicada en 1919."
"Revista crítica Hispano-Americana","Adolfo Bonilla y San Martín","1917","Spanish literature","Obra de Adolfo Bonilla y San Martín, publicada en 1917."
"Capítulos que se le olvidaron a Cervantes","Juan Montalvo","1930","Ficción","Obra de Juan Montalvo, publicada en 1930."
"Tres hijuelos habia el rey","Eduardo de Laiglesia","1917","Ballads, Spanish","Obra de Eduardo de Laiglesia, publicada en 1917."
"La primera edition del Ingenioso hidalgo Don Quijote de la Mancha","Miguel de Cervantes Saavedra","1874","Ficción","Obra de Miguel de Cervantes Saavedra, publicada en 1874."
"Adult Catalog: Fiction","Los Angeles County Public Library","1970","Fiction","Obra de Los Angeles County Public Library, publicada en 1970."
"Estudio tropológico sobre el D. Quijote de La Mancha del sin par Cervantes","Baldomero Villegas del Hoyo","1899","Ficción","Obra de Baldomero Villegas del Hoyo, publicada en 1899."
"General Report of the Colonial Land and Emigration Commissioners","Great Britain. Emigration Commission","1836","Great Britain","Obra de Great Britain. Emigration Commission, publicada en 1836."
"Diccionario de Refranes","José María Sbarbi y Osuna","1922","Proverbs, Spanish","Obra de José María Sbarbi y Osuna, publicada en 1922."
"Gramática y vocabulario del Fuero juzgo","Víctor Fernández Llera","1929","Espaǫl - Fonetica","Este trabajo nos propusimos registrar en el Vocabulario todas aquellas voces que, ya por su estructura, ya por su significado, ya por ambas cosas a la vez, mostrasen alguna particularidad digna de me…"
"Más de 21,000 refranes castellanos","Francisco Rodríguez Marín","1926","Proverbs, Spanish","Obra de Francisco Rodríguez Marín, publicada en 1926."
"The Mexican Right","John W. Sherman","1997","History","What are the historical roots of the Mexican right, which has seemingly come from nowhere to play a critical role in contemporary Mexico? This lucid study of the right in the pivotal decade of the 19…"
"The Heart Has Its Reasons","Visitacion R. De la Torre","2005","Biography & Autobiography","Obra de Visitacion R. De la Torre, publicada en 2005."
"Diccionario de la lengua castellana","Delfín Donadíu y Puignau","1890","Catalan language","Obra de Delfín Donadíu y Puignau, publicada en 1890."
"Index to Twentieth-Century Spanish Plays","Tony A. Harvell","2000","Literary Collections","Organized into author, source, and title indexes, this volume contains lists of plays by Galician, Catalan, and Basque writers, as well as those writing in Castilian Spanish. Many of these plays date…"
"Don Quijote de la Mancha","Miguel de Cervantes Saavedra","1960","Ficción","Obra de Miguel de Cervantes Saavedra, publicada en 1960."
"Diccionario enciclopédico-mejicano del idioma español","Emiliano Busto","1883","Mexico","Obra de Emiliano Busto, publicada en 1883."
"Vida de Miguel de Cervántes Saavedra","Ramón Leon Mainez","1876","Ficción","Obra de Ramón Leon Mainez, publicada en 1876."
"Delaunay Circle","Ana Vasconcelos","2015","Circle in art","Obra de Ana Vasconcelos, publicada en 2015."
"Diario de sesiones","Uruguay. Asamblea General. Cámara de Senadores","1896","Ficción","Obra de Uruguay. Asamblea General. Cámara de Senadores, publicada en 1896."
"Diccionario etimológico del idioma bascongado","Pedro Novia de Salcedo","1887","Basque language","Obra de Pedro Novia de Salcedo, publicada en 1887."
"Primer diccionario general etimologico de la lengua espanola","Roque Barcia","1880","Ficción","Obra de Roque Barcia, publicada en 1880."
"Dictionary Catalog of the Music Collection","New York Public Library. Reference Department","1964","Music","Obra de New York Public Library. Reference Department, publicada en 1964."
"Cartooning in Latin America","John A. Lent","2005","Art","""Cartoons and comics have played important roles in the political and social processes of Latin America for more than a century. This book coalesces, for the first time in one volume, aspects of comi…"
"Una aventura en París","Ramón López Montenegro y Frías Salazar","1920","Ficción","Obra de Ramón López Montenegro y Frías Salazar, publicada en 1920."
"La aventura del cine mexicano","Jorge Ayala Blanco","2021","Art","Hoy convertido en un clásico, La aventura del cine mexicano es el primer volumen y obra de inspiración del ya célebre abecedario del cine mexicano, del crítico y ensayista Jorge Ayala Blanco. Dividid…"
"La aventura humana","Juan José López Ibor","1965","Ciencia","Obra de Juan José López Ibor, publicada en 1965."
"El misterio de la luz","Francisco Vergara San Miguel","2015","Ficción","Obra de Francisco Vergara San Miguel, publicada en 2015."
"Una Aventura en el Yunque","Marisell Pérez Nieves","2025","Fiction","Doña Amazona Vittata, una intrépida cotorra puertorriqueña, está lista para su nueva aventura sobre el Bosque Nacional El Yunque. Su amigo, don Lagarto Verde, le revela su gran sueño: quisiera conoce…"
"Una aventura para curiosos","Iker Larrauri","2003","Ficción","Obra de Iker Larrauri, publicada en 2003."
"Una aventura en el papel","Roberto Rubiano Vargas","1997","Ficción","Obra de Roberto Rubiano Vargas, publicada en 1997."
"libro infantil famoso","Guilherme Miranda de Aguiar","2025","Juvenile Fiction","El Coliseo sigue en pie. Un arte casi olvidado. La misión más peligrosa del Equipo Aventura... acaba de comenzar. En su tercer viaje a través del tiempo, Will, Mia, Leo, Sophie, Max y su leal perro J…"
"La Mas Famosa Aventura Que Se Ha Visto en El Estado: Nacimiento, Vida Y Muerte Del Pobre Descamisado. [In Verse.].","AVENTURA.","1834","Ficción","Obra de AVENTURA., publicada en 1834."
"Elige tu propia aventura - El misterio de los Mayas","R.A. Montgomery","2021","Juvenile Fiction","¡CUIDADO! Este libro es diferente a los demás. En esta serie los protagonistas y sus decisiones marcan el desarrollo de la historia. Lo que ocurra en esta historia está SOLO en tus manos. Tendrás que…"
"LA ISLA DEL TESORO - Acción y aventura en alta mar","Roberto Luis Stevenson","2018","Fiction","La Isla del Tesoro es una novela de aventuras del escritor escocés Roberto Luis Stevenson (Robert Louis Stevenson,) que narra una historia de ""bucaneros y oro enterrado"". Su influencia es enorme en l…"
"La aventura de la Torre Oscura","Pedro Pascual Ramírez","2025","Fiction","Ya integrados en el Reino de Zora, los tres nietos, María, Franchu y Elsa, acompañados de la serpiente emplumada y su perrita Nala, se comprometen, sin la ayuda del abuelo, a rescatar a la princesa F…"
"Dos años de vacaciones","Julio Verne","2023","Juvenile Fiction","""Dos años de vacaciones"" es una obra de Julio Verne que combina de manera ingeniosa aventura y exploración, narrando la historia de un grupo de escolares que, tras naufragar en una isla deshabitada,…"
"La Aventura de Diana / The Adventure of Diana","Nacho Villoch","2014","Business & Economics","Diana, la protagonista de la historia, siente que es el momento de asumir el control de su destino y tiene una innovadora idea de negocio. Para llevarla a cabo, necesita los conocimientos de un joven…"
"La aventura metaficcional","Carmen Bustillo","1997","Experimental fiction","Obra de Carmen Bustillo, publicada en 1997."
"La aventura del cerebro","Josep Ma Farré","2022","Medical","PREMIO ATLAS 2014 A LA DIVULGACIÓN EN NEUROCIENCIA Mediante la lectura de este libro navegaremos por la libertad, el destino de nuestras acciones, las motivaciones elementales, la ruptura y el equili…"
"La aventura de Justin y Talía (Justin y la espada del valor)","Varios autores","2013","Juvenile Fiction","Una divertida aventura protagonizada por los personajes de la película Justin y la espada del valor. En el reino de Gabilonia gobiernan las prohibiciones. Justin pretende volver a los tiempos de hono…"
"ElMayo97 - Una aventura espacial","Mayo","2023","Juvenile Fiction","EL NUEVO LIBRO DE ELMAYO97 En un futuro no tan lejano, después de una explosión supersónica, la vida de los humanos ha cambiado radicalmente, obligándolos a conquistar otros planetas. ElMayo, un chic…"
"Las aventuras de Tallulah, Lucia y Dolce","Patricia Kessler","2017","Ficción","Este es el primer libro para niños de Patricia de su serie ""Las aventuras de Tallulah, Lucía y Dolce"". Después de su aventura personal de mudarse a Puerto Vallarta, Mexico, sus perros decidieron corr…"
"Una Aventura de Dinosaurios","Kamilla Adame","2024","Juvenile Fiction","Jess y la Máquina del Tiempo"" es una aventura conmovedora que sigue el viaje de una animada niña de 10 años llamada Jess. Después de descubrir la invención secreta de su padre, una máquina del tiempo…"
"Elige tu propia aventura - Perdido en el Amazonas","R.A. Montgomery","2022","Juvenile Fiction","¡CUIDADO! Este libro es diferente a los demás. Lo que ocurra en esta historia está SOLO en tus manos. Esta es tu misión: tus amigos han desparecido durante una expedición por el Amazonas y debes enco…"
"Elige tu propia aventura - El abominable hombre de las nieves","R.A. Montgomery","2024","Juvenile Fiction","¡CUIDADO! Este libro es diferente a los demás. Tú puedes elegir el desarrollo de la historia. Lo que ocurra en esta historia está SOLO en tus manos. Tendrás que sortear grander peligros y una mala de…"
"La magia de la aventura","WALLACE. GUTIERREZ","2025","Self-Help","La magia de la aventura: saboreando cada momento de la vida de Wallace Gutierrez es una exploración fascinante de las innumerables formas en que la aventura enriquece nuestras vidas. Este libro trasc…"
"Hombres a la aventura","François Roger de Chateleux","1953","Ficción","Obra de François Roger de Chateleux, publicada en 1953."
"Deportes De Aventura","Mahesh Sharma","2020","Ficción","El deporte beneficia a una persona de una forma u otra. Todo lo que uno necesita es elegir el deporte adecuado, ya que cada juego tiene su propia calidad y ventaja. Aquellos que fortalecerán el funci…"
"En Busca de la Entrada Secreta: Una emocionante aventura de misterio con un final sorprendente (Libro 1)","Rosario Ana","2021","Juvenile Fiction","Un misterioso mensaje sobre una entrada secreta es el comienzo de una extraordinaria aventura con un final inesperado. ¿Podrán Alicia y Tom descifrar el código y descubrir que hay tras la entrada sec…"
"La aventura del amor","Jill Shalvis","2011","Fiction","El experto en búsqueda y rescate Logan White estaba acostumbrado a trabajar en condiciones de mucha tensión. Por eso era tan importante que se tomase aquellas vacaciones para irse a esquiar. Sabía qu…"
"Aventura En Familia","Julio Moreno Escri Julio Moreno Guisado","2024","Fiction","UNA MUJER. UN PLANETA. Y LA FAMILIA PARA SALVARLO. AVENTURA EN FAMILIA. MARTE, PRIMERA PARTE, LIBRO 1 AVENTURA EN FAMILIA, es el primer libro de una saga donde la familia MORENO tendrá que salvar el…"
"El Viaje de Lon","Giovanni Ré","2024","Young Adult Nonfiction","EL VIAJE DE LON: Una aventura en bicicleta Basado en una historia real. Este libro de aventuras sigue a un joven valiente que, tras terminar el colegio, decide emprender un viaje único: recorrer mile…"
"Exploradores y piratas en la América del Sur","Ernesto Morales","2006","History","Obra de Ernesto Morales, publicada en 2006."
"El Viaje de Elrod","A. J. GASCÓN","2021","Ficción","Segunda edición: corregida y mejorada. Ahora con fantásticas ILUSTRACIONES en cada capítulo. El viaje de Elrod va a empezar, adéntrate en esta apasionante historia llena de magia, acción, aventuras,…"
"XIBALBA- Una Aventura de Dane Maddock","David Wood","2019","Fiction","Un oscuro descenso al mundo de los muertos. Las leyendas lo llaman Xibalba – el Lugar del Miedo. Pero algunas leyendas son verdaderas. El descubrimiento de un tesoro en Yucatán sitúa a los ex marines…"
"La aventura de la marsopa Porter y Josie en la caleta","Alan Cavanagh","2024","Ficción","En ""La aventura de la marsopa Porter y Josie en la caleta"" los lectores se trasladan a la pintoresca caleta de Maheramore, en el condado irlandés de Wicklow, en donde se desenvuelve una conmovedora h…"
"La Aventura de Algodón de Azúcar","Tara Giri","2022","Ficción","La Aventura de Algodón de Azúcar - The Adventure of Cotton Candy- is an illustrated Children's book written in Spanish and English. It is about Cotton Candy who is in search of her friend Peppermint.…"
"Aventura de a cuatro","Ignacio Rodríguez Delgado","2025","Young Adult Fiction","Un pueblo marcado por secretos. Un libro que no debería existir. Cuatro adolescentes que descubrirán quiénes son realmente. Hace cincuenta años, los fundadores de Emurte murieron en circunstancias mi…"
"Aventura en el Transasiático","Julio Verne","2020","Fiction","Esta historia escrita por Julio Verne en 1892 se tituló originalmente Claudius Bombarnac, y vió la luz por entregas en Le Soleil entre el 10 de octubre y el 7 de diciembre de 1892. Un año después se…"
"Aventura Familiar en la Montaña Escondida","Harold Lerch","2020","Ficción","Una familia en una aventura Descubre cosas nuevas en las montañas, arroyos y ríos de la creación especial de Dios. Ilustrado."
"Aventura En Una Misteriosa Isla del Mediterraneo","Marta Tobalina","2017","Ficción","Aventura número 3, dirigida a jóvenes entre 11 y 15 años, cuya finalidad es entretener, dentro de un contexto de aprendizaje. A través de la exploración y el juego, el lector/a podrá descubrir alguna…"
"Bibliografía Nacional Nicaragüense, 1800-1978","Latin American Bibliographic Foundation (Redlands, Calif.)","1986","Government publications","Obra de Latin American Bibliographic Foundation (Redlands, Calif.), publicada en 1986."
"Metamórfosis","Juan Ramón Jiménez","1990","Aphorisms and apothegms","Obra de Juan Ramón Jiménez, publicada en 1990."
"Historia de la estética I","Wladyslaw Tatarkiewicz","1991","Art","El texto presenta los conceptos estéticos elaborados por el pensamiento europeo, su esencia, su evolución, su desarrollo y sus mutuas relaciones. El autor no se limita a la estética general de los fi…"
"Diccionario de escritores mexicanos, siglo XX: H-LL","Aurora Maura Ocampo","1988","Authors, Mexican","Obra de Aurora Maura Ocampo, publicada en 1988."
"Historia de la estética III","Wladyslaw Tatarkiewicz","2004","History","Historia de la estética / W. Tatarkiewicz.-v.3."
"Poesias líricas","Friedrich Wilhelm Nietzsche","1921","Ficción","Obra de Friedrich Wilhelm Nietzsche, publicada en 1921."
"Poesias","Gregorio Gutiérrez González","1881","Colombian poetry","Obra de Gregorio Gutiérrez González, publicada en 1881."
"La versification irregular en la poesia castellana","Pedro Henriquez Urena","1920","Ficción","Obra de Pedro Henriquez Urena, publicada en 1920."
"Poesía moral (Polimnia)","Francisco de Quevedo","1998","Literary Criticism","Critical edition of the seventeenth-century Spanish poet's moral poetry: the Polimnia group of poems from his Poesíía moral. `The clarity and intelligence with which both the poetry and the introduct…"
"Principios de literatura general y española","Manuel Milá y Fontanals","1877","Literature","Obra de Manuel Milá y Fontanals, publicada en 1877."
"Prosas","Julián del Casal","1963","Cuban fiction","Obra de Julián del Casal, publicada en 1963."
"Anales","Instituto Popular de Conferencias, Buenos Aires","1941","Argentina","Obra de Instituto Popular de Conferencias, Buenos Aires, publicada en 1941."
"Twentieth-Century Poetry from Spanish America","Iliana L. Sonntag","1998","Education","Provides access to 12,000 poems from 72 separate anthologies in three distinct indexes, making access to the verse-writing of Spanish American writers easy."
"Latin American Writers","Carlos A. Solé","1989","Authors, Latin American","Discusses writers of the New World and provides a critial analyses of today's outstanding writers."
"Roque Dalton's Poetry in the Context of the Sixties","Anne-Maria Bankay","1984","Latin American poetry","Obra de Anne-Maria Bankay, publicada en 1984."
"Obras escogidas de Juan Valera...","Juan Valera","1928","Environmental policy","Obra de Juan Valera, publicada en 1928."
"Boletín de la Academia chilena correspondiente de la Academia española","Academia Chilena","1915","Ficción","Obra de Academia Chilena, publicada en 1915."
"Obras completas de don Miguel Antonio Caro","Miguel Antonio Caro","1921","Ficción","Obra de Miguel Antonio Caro, publicada en 1921."
"Papers of the Midwest Modern Language Association","Midwest Modern Language Association","1969","Languages, Modern","Obra de Midwest Modern Language Association, publicada en 1969."
"Comedias mitolólogicas. Comedias históricas de asunto extranjero","Lope de Vega","1896","Ficción","Obra de Lope de Vega, publicada en 1896."
"Cuba y América","Raimundo Cabrera","1904","Ficción","Obra de Raimundo Cabrera, publicada en 1904."
"Revista","Universidad de Buenos Aires","1927","Ficción","Obra de Universidad de Buenos Aires, publicada en 1927."
"Revista chilena","Diego Barros Arana","1879","Chile","Obra de Diego Barros Arana, publicada en 1879."
"Boletín","Archivo Nacional de Cuba","1919","Archives","Obra de Archivo Nacional de Cuba, publicada en 1919."
"Manual de literatura","Antonio Gil y Zárate","1884","Literature","Obra de Antonio Gil y Zárate, publicada en 1884."
"La escuela romantica en Francia. La joven Alemania","Georg Brandes","1946","Literature, Modern","Obra de Georg Brandes, publicada en 1946."
"Discursos leídos ante la Real Academia de la historia en la recepción pública del ilmo","Jerónimo López de Ayala Cedillo (conde de)","1901","Toledo (Spain)","Obra de Jerónimo López de Ayala Cedillo (conde de), publicada en 1901."
"Poets of Chile","Steven F. White","1986","Literary Criticism","Obra de Steven F. White, publicada en 1986."
"Papel periódico ilustrado","Alberto Urdaneta","1883","Ficción","Contains music."
"Obras","Gustavo Adolfo Bécquer","1877","Ficción","Obra de Gustavo Adolfo Bécquer, publicada en 1877."
"El Corno emplumado","Sergio Mondragón","1968","Literature, Modern","Obra de Sergio Mondragón, publicada en 1968."
"Library of Congress Catalog","Library of Congress","1970","Catalogs, Subject","A cumulative list of works represented by Library of Congress printed cards."
"Studies in Honor of William C. McCrary","Robert L. Fiore","1986","Literary Criticism","Obra de Robert L. Fiore, publicada en 1986."
"Opúsculos literarios i criticos ...","Andrés Bello","1883","Spanish American literature","Obra de Andrés Bello, publicada en 1883."
"Estudios literarios","Federico González Suárez","1896","Bible","Obra de Federico González Suárez, publicada en 1896."
"La Estética de la Derrota","Héctor Álvarez Sánchez","2020","Ficción","Antología de poemas. Más de 400 poemas escritos por Héctor Álvarez Sánchez. Poesía inspirada en los grandes del Realismo Sucio (y no tan sucio): Karmelo Iribarren, Roger Wolfe, Jim Morrison, Charles…"
"Galeria de escritores chilenos","Pedro Pablo Figueroa","1885","Authors, Chilean","Obra de Pedro Pablo Figueroa, publicada en 1885."
"Women Writers of Spanish America","Diane Marting","1987","Literary Criticism","The countries of Spanish America have a history of women's literature that is full, varied, and, until now, undocumented in English. The largest collection of its kind, this annotated bio-bibliograph…"
"The Traditional Folk Music and Dances of Spain","Israel J. Katz","2009","Folk dancing","Obra de Israel J. Katz, publicada en 2009."
"Cantigas de Santa Maria, de Don Alfonso El Sabio","Alfonso X (King of Castile and Leon)","1889","Arabs","Obra de Alfonso X (King of Castile and Leon), publicada en 1889."
"Germania","Johannes Scherr","1882","Alemanya","Obra de Johannes Scherr, publicada en 1882."
"Romancero general","Agustín Durán","1877","Ficción","Obra de Agustín Durán, publicada en 1877."
"Catalog of Government Publications in the Research Libraries","New York Public Library. Economic and Public Affairs Division","1972","Government publications","Obra de New York Public Library. Economic and Public Affairs Division, publicada en 1972."
"Romancero general, ó collección de romances castellanos anteriores al siglo XVIII","Agustín Durán","1877","Spanish ballads and songs","Obra de Agustín Durán, publicada en 1877."
"Romancero general ó colección de romances castellanos anteriores al siglo XVIII","Agustín Durán","1877","Romances espanoles - Siglo XVIII","Obra de Agustín Durán, publicada en 1877."
"Bibliography of Contemporary Spanish Literature","Modern Language Association of America. Spanish V. Bibliography Committee","1954","Spanish literature","Obra de Modern Language Association of America. Spanish V. Bibliography Committee, publicada en 1954."
"Rapsodia Demorada En El Tiempo...","Doris A. Melo Mendoza","2017","Ficción","""Rapsodia demorada en el tiempo"" es un poemario en el que el hablante trata de accesar al pasado para rescatar parte de su historia amorosa. En su su busqueda existencial rescatar del olvido segmento…"
"Antología de la poesía española e hispanoamericana, 1882-1932","Federico de Onís","1961","Latin America","Obra de Federico de Onís, publicada en 1961."
"El último poema","Juan Peña","2024","Poetry","Honda, sobria, desprovista de retórica, la poesía de Juan Peña es pulcra en la forma y esencial en el contenido. Este es, ante todo, un libro de celebración de esos momentos en calma en que la vida,…"
"Recent Spanish Poetry and the Role of the Reader","Margaret Helen Persin","1987","Literary Criticism","All the poets considered in this volume -- Jose Angel Valente, Francisco Brines, Claudio Rodriguez, Angel Gonzalez, and Gloria Fuertes -- view their work as a starting point in a creative process in…"
"Cupido en el monte de Afrodita","Evelio Domínguez","2006","Ficción","Obra de Evelio Domínguez, publicada en 2006."
"Las Flores del Mal","Charles Baudelaire","2023","Poetry","En ""Las Flores del Mal"", Charles Baudelaire presenta una colección de poemas que exploran la dualidad de la experiencia humana, abarcando el amor, la muerte, la belleza y la decadencia. Su estilo lír…"
"Cracking the AP Spanish, 2002-2003 Edition","Mary Leech","2002","Education","The Princeton Review realizes that acing the AP Spanish exam is very different from getting straight As in school. The Princeton Review doesn't try to teach students everything there is to know about…"
"Second catalogue, including the additions made since 1882","Baltimore Peabody inst, libr","1896","Ficción","Obra de Baltimore Peabody inst, libr, publicada en 1896."
"Poesía","Luis de León","2006","Spanish poetry","Estudio preliminar a cargo de Alberto Blecua y Francisco Rico. La admiración que la poesía de fray Luis de León ha recibido ininterrumpidamente desde el mismo siglo XVI por su armonía y su belleza no…"
"Second Catalogue of the Library of the Peabody Institute of the City of Baltimore, Including the Additions Made Since 1882","George Peabody Library","1901","Catalogs, Dictionary","Obra de George Peabody Library, publicada en 1901."
"Subject Catalog, 1978","Library of Congress","1978","Library catalogs","Obra de Library of Congress, publicada en 1978."
"Las Indias Occidentales en la poesía sevillana del Siglo de Oro","Mercedes Cobos","1997","America","Obra de Mercedes Cobos, publicada en 1997."
"G.K. Hall Bibliographic Guide to Latin American Studies","Benson Latin American Collection","2000","Latin America","Obra de Benson Latin American Collection, publicada en 2000."
"Frontera de la piel","Rodolfo Martínez","2025","Poetry","EDICIÓN ILUSTRADA Aunque Rodolfo Martínez es conocido fundamentalmente como autor de ciencia ficción y fantasía, también ha cultivado la poesía de forma esporádica a lo largo de su dilatada carrera.…"
"Poesía completa","Vicente Aleixandre","2017","Poetry","UN CLÁSICO DE LAS LETRAS ESPAÑOLAS, PREMIO NOBEL DE LITERATURA «El lector tiene en este espléndido tomo un paraíso majestuoso de tonos, colores, músicas... que complacerá su imaginación exigente. [..…"
"Inspiración en la nada","Miguel Angel Pando Montero","2025","Poetry","En esta octava entrega el autor resalta a la mujer con la importancia en la sociedad, aquellas que resurgen y luchan, a la Madre, aquellas mujeres que muchas veces no son reconocidas en su entorno. T…"
"The British Library General Catalogue of Printed Books, 1986 to 1987","British Library","1988","Language Arts & Disciplines","Obra de British Library, publicada en 1988."
"Los silencios del amor","Enrique Martin Picazo Alonso","2020","Ficción","un espacio de suspiro, en el amor, el odio el perdón y el rencor, poesía, romance y pasión."
"Ensayo de una biblioteca española de libros raros y curiosos","Bartolomé José Gallardo","1888","Bibliography","Obra de Bartolomé José Gallardo, publicada en 1888."
"Cuando nuestras miradas se encontraron /When Our Eyes Met","Sergio Longoria","2016","Ficción","Descubre sentimientos que han permanecido en mis recuerdos al paso del tiempo, y que se han transformado en versos de amor; versos que ahora reposan en las páginas de este libro. Poesía de amor, de f…"
"Praxis de la poesía","Jean-Clarence Lambert","2019","Electronic books","Obra de Jean-Clarence Lambert, publicada en 2019."
"A Spanish Reader","Miguel Teurbe Tolón","1901","Spanish language","Obra de Miguel Teurbe Tolón, publicada en 1901."
"Subject Catalog, 1982","Library of Congress","1982","Library catalogs","Obra de Library of Congress, publicada en 1982."
"Poesía, zona peligrosa","Anthony L. Geist","1993","Poetry","Obra de Anthony L. Geist, publicada en 1993."
"Mi vida no es poesía","Roxana Miranda Casadiego","2024","Ficción","Obra de Roxana Miranda Casadiego, publicada en 2024."
"Confianza. Primeras poesías. Poemas inéditos. Poemas sueltos. Poesía última","Pedro Salinas","2010","Fiction","Libro que Pedro Salinas (1891-1951) dejó preparado para la imprenta a su muerte, CONFIANZA reúne poemas escritos entre 1942 y 1944, contemporáneos, pues, de «Todo más claro» y «El Contemplado» (reuni…"
"Poesía","Rosalía de Castro","2003","Fiction","La popularidad de la obra de ROSALÍA DE CASTRO (1837-1885), que escribió poesía tanto en gallego como en castellano, descansa fundamentalmente en «Cantares gallegos» y «Follas novas», que expresan co…"
"25 Poemas para No Iniciados","Ernesto OYONARTE","2020","Ficción","Este libro de poesía, sólo recoge veinticinco poemas escritos en momentos muy especiales. No me considero un poeta. Más bien, un trovador que entiende la poesía, como una forma hermosa de resumir sen…"
"Zarpazos de Poesía","Patfei Patfei","2021","Ficción","Zarpazos de poesía es una cotinuación de la frescura poetica del anterior libro Poesía de la Vida. Un libro mucho mas maduro y reflexivo que el anterior escrito en singular pero que engloba miles de…"
"Señales de Humo","Mayra Barbara Ramos Regueira","2025","Poetry","Colección variada de 152 poesías organizadas cronológicamente a lo largo de las diferentes etapas de la vida de la autora en los años 90 en Cuba. Muestra los paulatinos cambios en su manera de apreci…"
"Tierra de Nadie","Rolando Costa Picazo","2019","Ficción","""Tierra de nadie"" es un libro acerca de una de las guerras más terribles del siglo XX, en la que más de setenta y cinco millones de hombres fueron movilizados y más de la mitad resultaron muertos o d…"
"Fuego y Camino","Bernal Arias Ramírez","2019","Ficción","Obra de Bernal Arias Ramírez, publicada en 2019."
"Enero y nómada","José Luis Rico","2020","Ficción","Enero y nómada es una crónica emocional, lírica, épica también, de treinta y tres años (1980-2013) viviendo fuerte; unas veces deprisa y otras con la calma y la categoría que el tiempo concede a sere…"
"Mal que bien","Enrique García-Máiquez López","2019","Poetry","Tras nueve años sin editar poesía, Mal que bien constituye ese esperado retorno de un poeta en el que la versatilidad métrica y la frescura de los versos se combinan con el humor, la inesperada hondu…"
"Poemas","Félix Lope de Vega y Carpio","2024","Literary Collections","Félix Lope de Vega, una figura prominente del Siglo de Oro español, se distingue por una poesía que irradia ardor y vitalidad, elementos que resplandecen en su soneto Boscán, tarde llegamos. Este poe…"
"Antología inédita de poesía cubana del centenario","Abdeslam Azougarh","2018","Ficción","Obra de Abdeslam Azougarh, publicada en 2018."
"Relatos de Terror en Español","Blake Aguilar","2021","Religion","¿Buscas relatos verídicos que te quitaran el sueño? ¿Te gustaría descubrir los casos más impactantes de encuentros con seres del más allá? Entonces sigue leyendo.. “Se encuentra frente al gran mister…"
"Robespierre. Virtud y terror","Slavoj Zizek","2011","History","Una de las más poderosas y desconcertantes justificaciones de la violencia política jamás escritas."
"Triangle Of Terror","Don Pendleton","2014","Fiction","STORMING THE GATES A secret intelligence task force has unleashed the rogue fury of black ops at the highest reaches of the U.S. Administration. Shrouded in lies, the group has spun its web and baite…"
"Terror and Violence","Andrew Strathern","2006","Political Science","Publisher Description"
"Striking Terror","George Freedman","2004","Fiction","""Harry and Naomi have discovered a terrorist plot to use a World War II-vintage 1st to stage a biological attack on a Southern city. Harry's navy 1st buddies, a colorful group of characters, join Har…"
"Human Rights, Crimes Against Humanity and State Terror","M. Abdullah Zakir","2003","Crimes against humanity","Obra de M. Abdullah Zakir, publicada en 2003."
"The Tales of Terror","Christabel Forsyth Fiske","1900","English fiction","Obra de Christabel Forsyth Fiske, publicada en 1900."
"The Coming Terror and Other Essays and Letters","Robert Williams Buchanan","1891","Individualism","Obra de Robert Williams Buchanan, publicada en 1891."
"Terror in Guyana","Gar Wilson","1990","Fiction","Terror In Guyana by Gar Wilson released on May 25, 1990 is available now for purchase."
"The Dream Cycle of H. P. Lovecraft: Dreams of Terror and Death","H.P. Lovecraft","1995","Fiction","This volume collects, for the first time, the entire Dream Cycle created by H. P. Lovecraft, the master of twentieth-century horror."
"The Kingdoms of Terror","Joe Dever","1986","Juvenile Fiction","Obra de Joe Dever, publicada en 1986."
"State Terror and Popular Resistance in El Salvador","Michael McClintock","1985","History","Obra de Michael McClintock, publicada en 1985."
"The White Terror and the Political Reaction After Waterloo","Daniel Philip Resnick","1966","France","Obra de Daniel Philip Resnick, publicada en 1966."
"Martel Papers; Or, Life Scenes in the Reign of Terror","Washington Frothingham","1867","France","Obra de Washington Frothingham, publicada en 1867."
"The Reign of Terror. A Letter to the Right Hon. W. E. Gladstone, Etc","Geoffery CRAYON (Junr. pseud.)","1873","Ficción","Obra de Geoffery CRAYON (Junr. pseud.), publicada en 1873."
"The Zoology of the Voyage of H. M. S. Erebus & Terror, Under the Command of Captain Sir James Clark Ross During the Years 1839 to 1843","John Richardson","1874","Ficción","Obra de John Richardson, publicada en 1874."
"The Video Movie Guide 2001","Mick Martin","2000","Performing Arts","Presents brief reviews of more than nineteen thousand films and other videos that are available at rental stores and through mail order, arranged alphabetically by title; also includes actor and dire…"
"The Life and Times of Noah London","John Dewey Holmes","2008","Ficción","Obra de John Dewey Holmes, publicada en 2008."
"Noche sobre América","Luis Pérez Ochando","2017","Performing Arts","¿De qué tienes miedo? Del dolor, de la muerte, de la pérdida... La mayoría de nuestros terrores son innatos, espontáneos, pero también pueden ser aprendidos, sociales, colectivos. Hemos aprendido a t…"
"Compte Rendu Des Débats","Council of Europe. Consultative Assembly","1973","Ficción","Obra de Council of Europe. Consultative Assembly, publicada en 1973."
"A History of Soviet Russia: The interregnum, 1923-1924","Edward Hallett Carr","1951","Communism","Obra de Edward Hallett Carr, publicada en 1951."
"Parliamentary Debates","Western Australia. Parliament","1914","Western Australia","Obra de Western Australia. Parliament, publicada en 1914."
"PAT 3.3 User's Guide","Heather Fawcett","1989","Database searching","Obra de Heather Fawcett, publicada en 1989."
"Chapters XI-XII","Emanuel Swedenborg","1915","Athanasianism","Obra de Emanuel Swedenborg, publicada en 1915."
"The Soviet Union: 1917-1940","Edward Acton","2005","History","Combining narrative commentary with over 270 contemporary documents, this title provides an entree to debate over humanity's most momentous and tragic experiment. It is suitable for students at all l…"
"Class-book in Oratory","Allen Ayrault Griffith","1886","Elocution","Obra de Allen Ayrault Griffith, publicada en 1886."
"Modern France","Arthur Augustus Tilley","1922","History","Obra de Arthur Augustus Tilley, publicada en 1922."
"Scarred Minds","Daya Somasundaram","1998","Ethnic groups","After Providing A Brief Account Of The Background To The Civil Strife In Sri Lanka, This Book Presents A Theoretical And Clinical Study Of The Psychological Causes And Effects Of Continous Violence A…"
"Translations and Tomfooleries","Bernard Shaw","1926","English drama","Obra de Bernard Shaw, publicada en 1926."
"A Commentary on the Holy Scriptures: Ezekiel","Johann Peter Lange","1876","Bible","Obra de Johann Peter Lange, publicada en 1876."
"Making Oslo Work","Max Singer","1997","Arab-Israeli conflict","Obra de Max Singer, publicada en 1997."
"Violence: A Philosophical Anthology","Vittorio Bufacchi","2009","History","The first anthology of philosophical essays on the nature and justifiability of violence, taken from the last 100 years and exploring a range of philosophical issues pertaining to violence."
"When States Kill","Cecilia Menjívar","2005","History","Since the early twentieth century, technological transfers from the United States to Latin American countries have involved technologies of violence for social control. As the chapters in this book i…"
"Chambers Dictionary of World History","Bruce Lenman","2005","History","Revised and updated to reflect recent world events, Chambers Dictionary of World History features more than 7,500 entries in a straightforward A-to-Z format. This impressive reference covers the key…"
"A Concordance to Shakespeare's Poems","Mrs. Horace Howard Furness","1875","English poetry","Obra de Mrs. Horace Howard Furness, publicada en 1875."
"The Writings of Mark Twain: A Connecticut yankee in King Arthur's court","Mark Twain","1917","Ficción","Obra de Mark Twain, publicada en 1917."
"The Russian Syndrome","Hélène Carrère d'Encausse","1992","History","Today, as we confront the social and political upheaval that has led to the disintegration of the Soviet Union, a deeper understanding of Russia's turbulent past is more essential than ever. In this…"
"The War of the Rebellion","United States. War Department","1886","Confederate States of America","Official records produced by the armies of the United States and the Confederacy, and the executive branches of their respective governments, concerning the military operations of the Civil War, and…"
"The Rise of Melodrama and the Schematization of Women in England, 1760-1840","Andrew David Mendelson","1977","English drama","Obra de Andrew David Mendelson, publicada en 1977."
"The History of Nations","Henry Cabot Lodge","1906","World history","Obra de Henry Cabot Lodge, publicada en 1906."
"Jean-François Lyotard","Derek Robbins","2004","Postmodernism","Obra de Derek Robbins, publicada en 2004."
"Lays and Lyrics of England and Verses Various","M. C. Tyndall","1898","Great Britain","Obra de M. C. Tyndall, publicada en 1898."
"Hurricane","Nahum Sabsay","1931","Soviet Union","Obra de Nahum Sabsay, publicada en 1931."
"The Attitude of the American Leftist Leaders Toward the Russian Revolution (1917-1923) ...","Paul Herbert Anderson","1942","Socialism","Obra de Paul Herbert Anderson, publicada en 1942."
"Voyages of Discovery in the Arctic and Antarctic Seas","Robert M'Cormick","1884","Antarctic regions","Obra de Robert M'Cormick, publicada en 1884."
"The Complete Works of Count Tolstoy: My confession. Critique of dogmatic theology","graf Leo Tolstoy","1904","Ficción","Obra de graf Leo Tolstoy, publicada en 1904."
"A Practical Treatise on the Diseases of Children","John Forsyth Meigs","1883","Children","Obra de John Forsyth Meigs, publicada en 1883."
"International Politics in a Revolutionary Age","Władysław Wszebór Kulski","1968","Diplomacy","Obra de Władysław Wszebór Kulski, publicada en 1968."
"Robespierre, a Study","Hilaire Belloc","1901","Ficción","Obra de Hilaire Belloc, publicada en 1901."
"The Complete Works of Count Tolstoy ...","graf Leo Tolstoy","1904","Ficción","Obra de graf Leo Tolstoy, publicada en 1904."
"Revista del Colegio Interamericano de Defensa","Colegio Interamericano de Defensa","1978","America","Obra de Colegio Interamericano de Defensa, publicada en 1978."
"Works","Thomas Carlyle","1885","Ficción","Obra de Thomas Carlyle, publicada en 1885."
"Consolidated Laws of the Colony of British Honduras","British Honduras","1887","Law","Obra de British Honduras, publicada en 1887."
"New Websterian 1912 Dictionary","Noah Webster","1912","English language","Obra de Noah Webster, publicada en 1912."
"Parliamentary Debates (Hansard).","Great Britain. Parliament. House of Commons","1962","Great Britain","Contains the 4th session of the 28th Parliament through the session of the Parliament."
"A New English Dictionary on Historical Principles","Sir James Augustus Henry Murray","1919","English language","Obra de Sir James Augustus Henry Murray, publicada en 1919."
"Film, Television, and Stage Music on Phonograph Records","Steve Harris","1988","Music","The most comprehensive (through August '86), accurate, and thoroughly researched reference ever published on film, television, and stage music from U.S. and British productions. There are three categ…"
"Annual Report of the State Board of Health of Massachusetts","Massachusetts. State Board of Health","1875","Public health","Obra de Massachusetts. State Board of Health, publicada en 1875."
"The Sovietization of the Baltic States, 1940-1956","Olaf Mertelsmann","2003","Baltic States","Obra de Olaf Mertelsmann, publicada en 2003."
"Novo Diccionario Da Lingua Portugueza E Ingleza","Henriette Michaelis","1920","English language","Obra de Henriette Michaelis, publicada en 1920."
"The Variorum Teacher's Edition of the Holy Bible","William Sanday","1886","Ficción","Obra de William Sanday, publicada en 1886."
"Walker and Webster combined in a dictionary of the English language","John Longmiur","1873","Ficción","Obra de John Longmiur, publicada en 1873."
"History of the English People","John Richard Green","1882","Great Britain","Obra de John Richard Green, publicada en 1882."
"(vol. I-II) Revolutionary and subversive movements abroad and at home","New York (State). Legislature. Joint Legislative Committee to Investigate Seditious Activities","1920","Americanisms","Obra de New York (State). Legislature. Joint Legislative Committee to Investigate Seditious Activities, publicada en 1920."
"A History of English Literature","Emile Legouis","1927","English literature","Obra de Emile Legouis, publicada en 1927."
"Aristotle on the Art of Poetry","Aristotle","1909","Aesthetics","Obra de Aristotle, publicada en 1909."
"The Strand Magazine","Sir George Newnes","1898","Ficción","Obra de Sir George Newnes, publicada en 1898."
"Being the reports of the journeys + the scientific work undertaken by Dr. E.A. Wilson and the surveying members of the Expedition","Robert Falcon Scott","1914","Antarctica","Obra de Robert Falcon Scott, publicada en 1914."
"The Outline of History","Herbert George Wells","1920","World history","Obra de Herbert George Wells, publicada en 1920."
"Continent, Coast, Ocean","Kee Beng Ooi","2007","Business & Economics","Examines the dynamics of regionalism in Eastern Asia. Japan's diplomatic history as well as the heritage of its conquest of Eastern Asia is examined alongside China's cultural geography, paradigmatic…"
"THE HOUSE IN ST. MARTIN'S STREET","CONSTANCE HILL","1907","Ficción","Obra de CONSTANCE HILL, publicada en 1907."
"A Search for Fortune","Hamilton Lindsay-Bucknall","1878","Australia","Obra de Hamilton Lindsay-Bucknall, publicada en 1878."
"The China Correspondence","Revolutionary Red Aid Society in China","1930","Communism","Obra de Revolutionary Red Aid Society in China, publicada en 1930."
"The Ramayan of Válmíki Translated Into English Verse by Ralph T.H. Griffith ...","Vālmīki","1895","Rāma (Hindu deity)","Obra de Vālmīki, publicada en 1895."
"Dream Songs & Shadows","Bijay Kishore Sundar Ray","1999","Ficción","Obra de Bijay Kishore Sundar Ray, publicada en 1999."
"The Book of Genesis","Herbert Edward Ryle","1921","Bible","Obra de Herbert Edward Ryle, publicada en 1921."
"Congressional Record","United States. Congress","2006","Law","The Congressional Record is the official record of the proceedings and debates of the United States Congress. It is published daily when Congress is in session. The Congressional Record began publica…"
"An Age of Enormity","Isaac Rosenfeld","1962","Literature, Modern","Obra de Isaac Rosenfeld, publicada en 1962."
"The Muslim World League Journal","Muslim World League","2003","Islam","Obra de Muslim World League, publicada en 2003."
"The Oxford Companion to World War II","Ian Dear","1995","History","Provides a comprehensive coverage of the greatest conflict in modern history. Includes photos, diags and maps and an in-depth coverage of the social aspects of the war. B/W illus."
"Parliamentary Papers","Great Britain. Parliament. House of Commons","1884","Great Britain","Obra de Great Britain. Parliament. House of Commons, publicada en 1884."
"A German-English dictionary","Hermann Carl George Brandt","1925","English language","Obra de Hermann Carl George Brandt, publicada en 1925."
"First Latin Book","Archibald Hamilton Bryce","1892","Latin language","Obra de Archibald Hamilton Bryce, publicada en 1892."
"Outlines of European History: From the opening of the eighteenth century to the present day","James Harvey Robinson","1912","Europe","History of Europe since the 18th century in the growth of empires, conflicts and wars in Europe, social and economic development, revolutions, and growth of the nation state."
"John Inglesant","Joseph Henry Shorthouse","1884","Ficción","""Shorthouse (1834-1903) was born and died in Birmingham, the eldest son of Joseph Shorthouse and his wife, Mary Ann, both of whom belonged to the Society of Friends. Joseph had inherited a chemical w…"
"Essays, Critical and Miscellaneous","Thomas Babington Macaulay Baron Macaulay","1875","English literature","Obra de Thomas Babington Macaulay Baron Macaulay, publicada en 1875."
"The Century Dictionary and Cyclopedia: The Century dictionary ... prepared under the superintendence of W. D. Whitney","William Dwight Whitney","1900","Atlases","Obra de William Dwight Whitney, publicada en 1900."
"Punch","Mark Lemon","1892","Caricatures and cartoons","Obra de Mark Lemon, publicada en 1892."
"Herd Book","National Pig Breeders' Association, London","1959","Swine","Obra de National Pig Breeders' Association, London, publicada en 1959."
"Encyclopedia Britannica","Hugh Chisholm","1911","Encyclopedias and dictionaries","Obra de Hugh Chisholm, publicada en 1911."
"Counter-Terrorism, Aid and Civil Society","Jude Howell","2009","Business & Economics","This book examines the effects of the increasing securitization of aid on civil societies in the context of the shifting global politics post-9/11."
"Terrorism","Yonah Alexander","1989","Political Science","Obra de Yonah Alexander, publicada en 1989."
"A Compendious German and English Dictionary","William Dwight Whitney","1901","Ficción","Obra de William Dwight Whitney, publicada en 1901."
"Abstracts of Theses","Vanderbilt University","1942","Dissertations, Academic","Obra de Vanderbilt University, publicada en 1942."
"Exploring International Human Rights","Rhonda L. Callaway","2007","Political Science","Presenting a range of philosophical debates, policy analyses, and first-hand accounts, this text offers a comprehensive set of readings on the major themes and issues in the field of international hu…"
"Crime Fiction","John Scaggs","2005","Fiction","Provides a lively introduction to what is both a wide-ranging and hugely popular literary genre. Accessible and clear, this comprehensive overview is the essential guide for all those studying crime…"
"The Triumph of the Thriller","Patrick Anderson","2007","Literary Criticism","""In his provocative, caustic, and often hilarious survey of today's popular fiction, Anderson shows us who the best thriller writers are - and the worst. He shows how Michael Connelly was inspired by…"
"Fuzzy Data Warehousing for Performance Measurement","Daniel Fasel","2014","Business & Economics","The numeric values retrieved from a data warehouse may be difficult for business users to interpret, and may even be interpreted incorrectly. Therefore, in order to better ​understand numeric values,…"
"The Routledge Introduction to Canadian Crime Fiction","Pamela Bedore","2024","Fiction","Who are the most important Canadian crime and detective writers? How do they help represent Canada as a nation? How do they distinguish Canada’s approach to questions of crime, detection, and social…"
"Find You","Kate Bold","2025","Fiction","""This is an excellent book... When you start reading, be sure you don't have to wake up early!"" —Reader review for The Killing Game The Pacific Northwest is ablaze with a strange series of combustive…"
"When Shadows Fall (DS Max Craigie Scottish Crime Thrillers, Book 6)","Neil Lancaster","2025","Fiction","'Non-stop action, breakneck pace, deliciously suspenseful... When Shadows Fall was my first DS Max Craigie book and won’t be my last – I loved it.' Andrea Mara 'A good old police procedural... I was…"
"Theatrical Feature Film Trade and Media Policies in Japan, Korea, and the United States","Sang-Woo Lee","2002","Ficción","Obra de Sang-Woo Lee, publicada en 2002."
"The Anatomy of Genres","John Truby","2022","Language Arts & Disciplines","A guide to understanding the major genres of the story world by the legendary writing teacher and author of The Anatomy of Story, John Truby. Most people think genres are simply categories on Netflix…"
"Literary Essays & Reviews","John Whitehead","1993","Literary Collections","Obra de John Whitehead, publicada en 1993."
"The Oxford History of New Zealand Literature in English","Terry Sturm","1998","History","This is the most comprehensive history of New Zealand literature to have been published. It offers chapters on the novel, poetry, and on the short story, which have been the staple of earlier histori…"
"The Penguin Dictionary of Literary Terms and Literary Theory","John Anthony Cuddon","1998","Language Arts & Disciplines","The Penguin Dictionary of Literary Terms and Literary Theory is firmly established as a key work of reference in the complex and varied field of literary criticism. Now in its fourth edition, it rema…"
"Modern Criticism and Theory","David Lodge","1988","Language Arts & Disciplines","Provides within the covers of a single book, a selection of important and representative work from all the major theoretical schools or tendencies in contemporary criticism, and places them before th…"
"The Rock Song Index","Bruce Pollock","1997","Music","A listing of over 7,500 rock songs presented alphabetically by artist that notes the album the song appeared on, its year of release, the producer, record company, and songwriters. Also briefly descr…"
"American Mystery and Detective Novels","Larry N. Landrum","1999","Literary Criticism","A guide to research on American mystery and detective novels emphasizing the historical development of the genre and major critical approaches to the literature."
"The James Bond Phenomenon","Christoph Lindner","2009","Art","Sean Connery’s tuxedo, Ursula Andress’ bikini, Oddjob’s bowler hat, and Q’s gadgets are just a few defining features of the 007 world examined in The James Bond Phenomenon. Drawn from the fields of l…"
"Poetry","Harriet Monroe","1946","American poetry","Obra de Harriet Monroe, publicada en 1946."
"Perspectives on Film Noir","R. Barton Palmer","1996","Performing Arts","With the revived use of film noir by such contemporary directors as Scorsese, Altman, and the Coen brothers, there has been heightened public and academic interest in the film noir as a genre movemen…"
"Library Journal","Melvil Dewey","2004","Electronic journals","Includes, beginning Sept. 15, 1954 (and on the 15th of each month, Sept.-May) a special section: School library journal, ISSN 0000-0035, (called Junior libraries, 1954-May 1961). Also issued separate…"
"TOEFL, Test of English as a Foreign Language","Edith H. Babin","1987","Foreign Language Study","Obra de Edith H. Babin, publicada en 1987."
"The Art and Science of Screenwriting","Philip Parker","1998","Performing Arts","This is an introduction to the essential elements of screenwriting, from finding an idea to creating a finished screenplay. The text includes methodology, how to apply creative vision, a focus on the…"
"Twelve One-act Plays for Study and Production","Samuel Marion Tucker","1929","American drama","Obra de Samuel Marion Tucker, publicada en 1929."
"The Writer","William Henry Hills","1984","Authorship","The oldest magazine for literary workers."
"Balkan Cinema","Michael Jon Stoil","1982","Performing Arts","Obra de Michael Jon Stoil, publicada en 1982."
"Dance Studies and Global Feminisms","Congress on Research in Dance. Conference","2008","Dance","Obra de Congress on Research in Dance. Conference, publicada en 2008."
"Catalogue of Title Entries of Books and Other Articles Entered in the Office of the Register of Copyrights, Library of Congress, at Washington, D.C.","Library of Congress. Copyright Office","1953","American literature","Obra de Library of Congress. Copyright Office, publicada en 1953."
"Motion Pictures, 1940-1949","Library of Congress. Copyright Office","1953","Motion pictures","Obra de Library of Congress. Copyright Office, publicada en 1953."
"The Writer's Handbook, 1997","Sylvia K. Burack","1997","Language Arts & Disciplines","""Manuscript market section"", ed. by U. G. Olsen, 1941-44; by E. P. Werby, 1945-"
"Scribner's Magazine","Edward Livermore Burlingame","1921","American periodicals","Obra de Edward Livermore Burlingame, publicada en 1921."
"The Influence of Intelligence Upon Children's Reading Interests","Miriam Blanton Huber","1928","Books and reading","Obra de Miriam Blanton Huber, publicada en 1928."
"Read 'Em Their Writes","Gary Warren Niebuhr","2006","Language Arts & Disciplines","Presents a guide for mystery book clubs, discussing how to organize groups, get participants, choose titles, prepare for meetings, and administer discussions."
"Literary Digest: a Repository of Contemporaneous Thought and Research as Presented in the Periodical Literature of the World","Edward Jewitt Wheeler","1917","Ficción","Obra de Edward Jewitt Wheeler, publicada en 1917."
"Probable Cause","LeRoy Panek","1990","Fiction","An introductory survey of the first one hundred years (1840-1940) of crime literature and crime history in this country. Panek (English, Western Maryland College) relates the history of the literatur…"
"Bestsellers","Clive Bloom","2008","Fiction","This essential guide and reference work provides a unique insight into over 100 years of publishing and reading as well as taking us on a journey into the heart of the British imagination."
"The Craftsmanship of the One-act Play","Percival Wilde","1923","Drama","Obra de Percival Wilde, publicada en 1923."
"My Maiden Effort","Gelett Burgess","1921","Authors, American","Obra de Gelett Burgess, publicada en 1921."
"Dictionary of Literary Biography Yearbook 1993","James Hipp","1994","Biography & Autobiography","This annual compendium includes original material covering a given years literary highlights, including obituaries and tributes. The Yearbook provides signed essays summarizing the year in poetry, fi…"
"Samuel French's Basic Catalogue of Plays","Samuel French, Inc","1997","Drama","Obra de Samuel French, Inc, publicada en 1997."
"The Marshall Plan Workbook","Evan Marshall","2001","Language Arts & Disciplines","The Marshall Plan Workbook, companion volume to the very successful Marshall Plan for Novel Writing, focuses on building a novel's plot, with more than 100 pages of fill-in sheets that become a verit…"
"Library of Congress Subject Headings","Library of Congress. Policy and Standards Division","2009","Form headings","Obra de Library of Congress. Policy and Standards Division, publicada en 2009."
"Library of Congress Subject Headings","Library of Congress","1975","Subject headings, Library of Congress","Obra de Library of Congress, publicada en 1975."
"The Perfect Escape","Leah Konen","2022","Fiction","YOU WON'T BE ABLE TO STOP READING. BECAUSE YOU'LL NEVER GUESS WHAT HAPPENS NEXT . . . 'Gripping. Kept me guessing right till the end and the final twist was brilliant!' 5***** READER REVIEW 'Pulls yo…"
"¡Recuerda!","Daniela Arnold","2025","Fiction","★ Top 5 en Kindle en Alemania. Más de 70000 reseñas de 5 estrellas para thrillers psicológicos de Daniela Arnold. ★ Una niña desaparecida. Un marido aparentemente desvanecido desde hace años. Una muj…"
"The Liar's Child","Sheryl Browne","2021","Fiction","I’ll do anything to protect my daughter… When I pick my beloved daughter Poppy up from school one afternoon, my mind races when I see the little girl holding Poppy’s hand. With the same heart-shaped…"
"The Invite","Sheryl Browne","2022","Fiction","Kaitlin has been looking forward to her engagement party for weeks. She’s finally introducing her fiancé Greg to her best friend Zoe, but as the champagne corks pop, her dream party soon becomes her…"
"In High Places","J J Holland","2019","Fiction","Ever since the death of his wife, Lina, in a Kabul bombing, Aubrey Savage has been determined to fulfil his promise to her: to find out what happened to her brother, Jarrah, a disavowed MI5 agent who…"
"Actors and Actresses by Different Writers, Compiled from Various Magazines","E T. Gilbert","1913","Ficción","Obra de E T. Gilbert, publicada en 1913."
"Harm","Hugh Fraser","2021","Fiction","A London-based female assassin runs into trouble on a mission in 1970s Mexico in this action-packed debut crime thriller. Acapulco 1974: Rina Walker is on assignment. Just another quick, clean kill.…"
"The Secret Mother","Shalini Boland","2017","Fiction","""A gripping psychological thriller with a twist""--Cover."
"What Lies in the Dark","CM Thompson","2024","Fiction","Suspicion and paranoia engulf a community while a police detective hunts for a serial killer. One murder can make a town nervous. Two brings fear. Add three, four, or even more, and neighbors will st…"
"He Started It","Samantha Downing","2020","Fiction","NO-ONE IS MORE DANGEROUS THAN THE ONES WHO KNOW YOU BEST . . . The gripping Sunday Times bestselling psychological thriller from the No. 1 bestselling author of MY LOVELY WIFE 'So addictive it should…"
"True Evil","Julia Derek","2018","Fiction","How far would you go to prove your innocence—when the real monster is family? Shane Hanson was only thirteen when he was framed for a shocking double murder. Five years in juvenile detention did noth…"
"Tracer","Jason Dean","2021","Fiction","'Unique and engaging characters woven into the fabric of a fantastic plot. Jason Dean is one to watch' Marc Cameron, New York Times bestselling author of Tom Clancy Code of Honor What is a death sent…"
"The Only Girl Left Alive","Susan Lund","2019","Fiction","A serial child killer plays with authorities and plans his next kill... Investigative reporter Tess McClintock and FBI Special Agent Michael Carter track down clues in the most important cold case to…"
"Bad Men","John Connolly","2004","Fiction","New York Times bestselling author John Connolly masterfully intertwines mystery, emotion, violence, and the supernatural in this raw and gripping thriller. He has been told the girl’s last words, and…"
"Treason Trap","Ben Colt","2021","Fiction","After a large bank is attacked with no sign of the perpetrators, MI5 Cyber are called in to help the Met investigate. Max must follow his instincts and in chasing down leads, infiltrate a suspect dat…"
"Maniobra de evasión - Thriller Bestseller Episodio 4","Colleen Cross","2024","Fiction","Un thriller de suspense y misterio de Katerina Carter, detective privada - episodio 4 Diamantes, peligro y desaparición La investigadora de fraudes Katerina Carter no sabe retirarse a tiempo, y eso l…"
"Cop Town - Stadt der Angst","Karin Slaughter","2017","Ficción","Obra de Karin Slaughter, publicada en 2017."
"The Last to Disappear","Jo Spain","2022","Fiction","'Dark and terrifying, utterly compelling' SARAH PEARSE A luxury resort. Three missing women. One body. When young London professional Alex Evans is informed that his sister's body has been pulled fro…"
"Girl Three: Trapped (A Maya Gray FBI Suspense Thriller—Book 3)","Molly Black","2021","Fiction","12 cold cases. 12 kidnapped women. One diabolical serial killer. In this bestselling suspense thriller, a brilliant FBI agent faces a deadly challenge: decipher the mystery before each one is murdere…"
"The Payback","Alan Refkin","2020","Fiction","In this latest Matt Moretti-Han Li thriller the clandestine unit known as Nemesis, a joint Chinese-American off-the-books organization, is faced with its first challenge just minutes after it’s activ…"
"Mother... Liar... Murderer?","Ashley Beegan","2021","Ficción","'The truth you must tell, To all who you know, Or you'll end up in hell, Where you'll never grow.'' Eleven years ago, Astrid Moor got away with murder. Now, someone wants to make her pay. Astrid turn…"
"Deadly Cry","Angela Marsons","2026","Fiction","The killer claims they want to be stopped... In a busy shopping centre, a little girl clutches a teddy bear, crying for her mother, Katrina. Hours later, Katrina's body is discovered in an abandoned…"
"A Killer Harvest","Paul Cleave","2017","Fiction","A new thriller from the Edgar-nominated author of Trust No One and Joe Victim about a blind teenager who receives a corneal donation and begins to see and feel memories from their previous owner—a ho…"
"Memorandom","Anders de la Motte","2015","Fiction","Before I Go to Sleep meets Law and Order in an epic, thrilling new crime story from Anders de la Motte, author of the internationally sensational Game Trilogy—the prodigiously talented Swedish noveli…"
"The Silent Woman","Keith Rommel","2020","Fiction","The past. A little girl is nearly kidnapped. A wild man runs loose, terrorizing a neighborhood. An older sister stops at nothing to protect her younger sibling from outsiders. The present. A woman si…"
"Two Sisters","Kerry Wilkinson","2017","Fiction","""Megan was ten years old when her older brother, Zac, went missing among the cliffs, caves and beaches that surround the small seaside town of Whitecliff. A decade later a car crash has claimed the l…"
"The Sisters Next Door","L. H. Stacey","2021","Fiction","‘Dark and dramatic, with an explosive ending’ Diane Saxon Sisters Molly and Beth Winters thought their remote clifftop house would be the perfect place to hide away after their mother’s brutal murder…"
"Game of Fear: A gripping psychological thriller","Gledé Browne Kabongo","2016","Fiction","Sometimes good girls do very bad things. . .Academic overachiever and popular good girl Abbie Cooper is used to being in control and strives to keep it that way. As senior year at her elite New Engla…"
"A Treachery of Spies","Manda Scott","2018","Fiction","THRILLER OF THE MONTH ‘Superb . . . a blend of historical imagination and storytelling verve reminiscent of Robert Harris.’ The Sunday Times 'The most exciting, involving thriller I've read in an age…"
"The Killer's Girl","Helen Phifer","2020","Fiction","‘Mama, wake up.’ The little girl reached for her mother’s face with one pudgy hand. But the eyes stayed closed, and the blood continued to trickle across the floor. When the body of a young woman is…"
"The Accident","S. D. Monaghan","2017","Fiction","""Tara has it all. Married and about to move into her dream home, she can't explain why she is tempted by one last fling with her ex before she settles down. David would do anything for Tara. So when…"
"The Lucky Eight","Sheila Bugler","2021","Fiction","When the plane crashed, 160 people perished. Now someone is killing off the survivors. Five years ago, a horrific airline disaster made headlines around the world. On the anniversary of the fatal cra…"
"3 Lies","Helen Hanson","2011","Ficción","~ a Kindle #1 Techno Thriller ~ Terrorists? Or someone more sinister . . . On hiatus from the corporate treadmill, Clint finds love to last a lifetime in Beth. While she recovers from kidney failure…"
"Trevellian y el asesino de policías: Thriller","Neal Chadwick","2023","Fiction","Thriller de Neal Chadwick El tamaño de este libro equivale a 118 páginas en rústica. Un teniente de policía de Queens aparece muerto en el East River. El investigador Jesse Trevellian y su colega Mil…"
"The Missing Ones","Patricia Gibney","2017","Fiction","When a woman's body is discovered in a cathedral and hours later a young man is found hanging from a tree outside his home, Detective Lottie Parker is called in to lead the investigation."
"Hush Little Girl","Lisa Regan","2021","Fiction","Dressed in pajamas covered with stars, the little girl’s body is perfectly still, her arms folded neatly over her chest. The wildflowers decorating her hair scatter across the grass in the sharp bree…"
"Never Look Away","Linwood Barclay","2010","Fiction","Linwood Barclay is back with more unexpected twists and superb characters in a spine-tingling, mesmerizing thriller about a husband whose wife disappears, along with everything he thought he knew abo…"
"The Rift","Rachel Lynch","2021","Fiction","To save one life, she risks many others. Working for the Royal Military Police, Major Helen Scott is used to rapid change. On a posting to Paris she oversees security for a NATO summit in the city, y…"
"The Woman in Cabin 10","Ruth Ware","2018","Ficción","Obra de Ruth Ware, publicada en 2018."
"Where Angels Fear","D. K. Hood","2019","Fiction","When Ellat Tate stumbles into Black Rock Falls, her exhausted and bloodied body is a terrifying sight, but not as frightening as the story she has to tell. Ambushed on their way into town when they s…"
"Ensayos sobre acciones y sucesos","Donald Davidson","1995","Education","Acciones, razones y causas - ¿Cómo es posible la debilidad de la voluntad - De la acción - Libertad para actuar - Tener la intención - La forma lógica de las oraciones de acción : críticas, comentari…"
"Diccionario de siderurgia","César Alas","2003","Business & Economics","El presente diccionario va dirigido a profesionales de la siderurgia, a traductores y a estudiantes e investigadores que manejan literatura referente a las distintas operaciones y procesos que consti…"
"Ensayos clínicos","Rafael Álvarez Cáceres","2005","Ficción","Obra de Rafael Álvarez Cáceres, publicada en 2005."
"LOS ENSAYOS IN SITU EN LA MECANICA DEL SUELO: SU EJECUCION E INTERPRETACION","Maurice Cassan","1982","Ficción","Obra de Maurice Cassan, publicada en 1982."
"Comportamiento mecánico de los materiales. Volumen 2: Ensayos mecánicos. Ensayos no destructivos","Carlos Núñez Álvarez","2011","Ficción","La obra Comportamiento Mecánico de los Materiales se ha estructurado en cuatro volúmenes. El volumen 1 consta de cuatro partes y en él se revisan los conceptos fundamentales del comportamiento mecáni…"
"Ensayo sober la historia de Santa Fe","Juan Álvarez","1910","Santa Fe (Argentina : Province)","Obra de Juan Álvarez, publicada en 1910."
"Teoría del ensayo","José Luis Gómez-Martínez","1992","Essay","Obra de José Luis Gómez-Martínez, publicada en 1992."
"Nacionalismo e hispanismo y otros ensayos","Eduardo Gómez de Baquero","1928","Spain","Obra de Eduardo Gómez de Baquero, publicada en 1928."
"7 ensayos de interpretación de la realidad peruana","José Carlos Mariátegui","1928","Peru","Obra de José Carlos Mariátegui, publicada en 1928."
"Ensayos Sobre la Obra de Juan Rulfo","Gustavo C. Fares","1998","Literary Collections","Los ensayos del presente volumen fueron escritos durante la última década y reflexionan acerca de una serie de temas que se encuentran presentes en la obra de Juan Rulfo. Estos temas pueden resumirse…"
"El ensayo mexicano moderno","José Luis Martínez","1958","Mexican essays","Obra de José Luis Martínez, publicada en 1958."
"Wörterbuch der Dampferzeugungstechnik","Anton Bachmair","1972","Dictionaries, Polyglot","Obra de Anton Bachmair, publicada en 1972."
"Actas del Congreso","Asociación Española para el Progreso de las Ciencias","1911","Ficción","Obra de Asociación Española para el Progreso de las Ciencias, publicada en 1911."
"Manual de obras públicas","España","1913","Ficción","Obra de España, publicada en 1913."
"Anuario","Universidad Nacional de La Plata. Facultad de Ciencias Físicomatemáticas","1916","Ficción","Obra de Universidad Nacional de La Plata. Facultad de Ciencias Físicomatemáticas, publicada en 1916."
"Report of the Conference","Conference on Wood Technology","1955","Wood","Obra de Conference on Wood Technology, publicada en 1955."
"Estética del ensayo","JOEP MARIA. CATALA","2014","Performing Arts","El film-ensayo es un subproducto que ha sido incansablemente generado desde el siglo de Montaigne, y que se ha plasmado en esos ejercicios liminares de escritura como los diarios personales, los auto…"
"Boletín del petróleo","Mexico. Departamento de Petróleo","1920","Petroleum","Obra de Mexico. Departamento de Petróleo, publicada en 1920."
"The Gramophone","Compton Mackenzie","1999","Audio equipment industry","Obra de Compton Mackenzie, publicada en 1999."
"Preparación para el Examen de GED, Segunda edicion","McGraw Hill Editores, México","2018","Study Aids","¡Obtenga la guía para el examen de GED en la que confían más estudiantes! Para tener éxito en el examen de GED, usted necesita la mejor orientación de educadores y capacitadores especializados. Esa e…"
"McGraw-Hill Education Preparacion para el Examen de GED, Tercera edicion","McGraw Hill Editores, México","2021","Study Aids","¡Obtenga la guía para el examen de GED en la que confían más estudiantes! Para tener éxito en el examen de GED, usted necesita la mejor orientación de educadores y capacitadores especializados. Esa e…"
"An Annotated Bibliography of Philippine Social Sciences: Economics, by A.G. Hufana and R.V. Díaz","University of the Philippines. Social Science Research Center","1956","Philippines","Obra de University of the Philippines. Social Science Research Center, publicada en 1956."
"Registro nacional de leyes de la República Oriental del Uruguay","Uruguay","1920","Law","Includes decisions of the Suprema Corte de Justicia."
"Anales de la Universidad de Buenos Aires","Universidad de Buenos Aires","1889","Ficción","Obra de Universidad de Buenos Aires, publicada en 1889."
"Obras completas de D. Francisco Giner de los Ríos: Ensayos menores sobre educación y enseñanza","Francisco Giner de los Ríos","1927","Ficción","Obra de Francisco Giner de los Ríos, publicada en 1927."
"Ensayos poéticos y literarios","Ramón Isidro Montes","1891","Venezuelan literature","Obra de Ramón Isidro Montes, publicada en 1891."
"El doctor Frégoli","Azorín","1928","Ficción","Obra de Azorín, publicada en 1928."
"Studies in Honor of Enrique Anderson Imbert","Nancy Abraham Hall","2003","Literary Criticism","Obra de Nancy Abraham Hall, publicada en 2003."
"Soil and Rock America 2003","Patricia J. Culligan","2003","Engineering geology","Obra de Patricia J. Culligan, publicada en 2003."
"Titles in Series","Eleanora A. Baer","1978","Indexes","Obra de Eleanora A. Baer, publicada en 1978."
"Memoria del Ministerio del Interior de la República Argentina presentada al Congreso Nacional de ...","Argentina. Ministerio del Interior","1919","Argentina","Obra de Argentina. Ministerio del Interior, publicada en 1919."
"Legislación y disposiciones de la administración central","Spain","1926","Ficción","Obra de Spain, publicada en 1926."
"Diccionario de la soldadura, espagnol ; castillan","R. N. Thompson","1950","Welding","Obra de R. N. Thompson, publicada en 1950."
"Elsevier's Dictionary of Criminal Science, in Eight Languages","Johann Anton Adler","1960","Social Science","Obra de Johann Anton Adler, publicada en 1960."
"Newsletter","Canadian Association of Latin American Studies","1979","Latin America","Obra de Canadian Association of Latin American Studies, publicada en 1979."
"Dictionary Catalog of the Edward E. Ayer Collection of Americana and American Indians in the Newberry Library","Newberry Library","1961","America","Obra de Newberry Library, publicada en 1961."
"Discopaedia of the Violin","James Creighton","1994","Music","Obra de James Creighton, publicada en 1994."
"Revista del Centro estudiantes de ingenieria ...","Centro Estudiantes de ingeniería (Buenos Aires, Argentina)","1922","Engineering","Obra de Centro Estudiantes de ingeniería (Buenos Aires, Argentina), publicada en 1922."
"Principios de terapéutica general ó El medicamento estudiado bajo los puntos de vista fisiológico, posológico y clínico","Jean-Baptiste Fonssagrives","1877","Ficción","Obra de Jean-Baptiste Fonssagrives, publicada en 1877."
"Anales ...","Instituto Católico de Artes e Industrias (Madrid, Spain). Asociación de antiguos alumnos","1929","Engineering","Obra de Instituto Católico de Artes e Industrias (Madrid, Spain). Asociación de antiguos alumnos, publicada en 1929."
"Una Colección de Ensayos","José Antonio Burciaga","1988","History","Obra de José Antonio Burciaga, publicada en 1988."
"Diccionario Enciclopédico de Términos Técnicos, Inglés-español, Español-inglés","Javier L. Collazo","1980","Technology & Engineering","Obra de Javier L. Collazo, publicada en 1980."
"Tree Planting Practices for Arid Areas","Amihud Y. Goor","1955","Afforestation","Obra de Amihud Y. Goor, publicada en 1955."
"Boletín del Instituto Geológico de España","Instituto Geológico y Minero de España","1909","Geology","Obra de Instituto Geológico y Minero de España, publicada en 1909."
"Memoria de Enseñanza Primaria","Uruguay. Consejo Nacional de Enseñanza Primaria y Normal","1929","Ficción","Obra de Uruguay. Consejo Nacional de Enseñanza Primaria y Normal, publicada en 1929."
"Boletín - Ministerio de Agricultura, Dirección General de Minas, Geología e Hidrología","Argentina. Dirección General de Minas y Geología","1918","Mineral waters","Obra de Argentina. Dirección General de Minas y Geología, publicada en 1918."
"Enciclopedia de química industrial","Edward Thorpe","1921","Ficción","Obra de Edward Thorpe, publicada en 1921."
"Anales de la Sociedad Española de Historia Natural","Sociedad Española de Historia Natural","1877","Natural history","Obra de Sociedad Española de Historia Natural, publicada en 1877."
"Obras completas de don Andrés Bello","Andrés Bello","1893","Chilean law","Obra de Andrés Bello, publicada en 1893."
"Estudios histórico-bibliográficos","Diego Barros Arana","1909","America","Obra de Diego Barros Arana, publicada en 1909."
"Monedas de la República Argentina","Alfredo Taullard","1924","Coins, Argentine","Obra de Alfredo Taullard, publicada en 1924."
"Discursos leídos en la Real academia de buenas letras de Barcelona en la recepción pública de d. Isidro Bonsoms y Sicart el dia 9 de mayo de 1907","Isidro Bonsoms y Sicart","1907","Bibliographical literature","Obra de Isidro Bonsoms y Sicart, publicada en 1907."
"Erasmo en España","Adolfo Bonilla y San Martín","1907","Ficción","Obra de Adolfo Bonilla y San Martín, publicada en 1907."
"Boletin de instrucción pública ...","Mexico. Secretaría de Instrucción Pública y Bellas Artes","1909","Education","Obra de Mexico. Secretaría de Instrucción Pública y Bellas Artes, publicada en 1909."
"Prospecto. Ensayo de los Elementos de la Ciencia de Buen Gobierno, etc","ENSAYO.","1811","Ficción","Obra de ENSAYO., publicada en 1811."
"Diario de sesiones de la Cámara de Senadores","Argentina. Congreso de la Nación. Senado de la Nación","1929","Argentina","Obra de Argentina. Congreso de la Nación. Senado de la Nación, publicada en 1929."
"Inter-American Literary Relations","International Comparative Literature Association. Congress","1985","America","Obra de International Comparative Literature Association. Congress, publicada en 1985."
"Sabine R. Ulibarrí","María I. Duke dos Santos","1995","Fiction","Maria Herrera-Sobek, Gene Steven Forrest, Wolfgang Karrer, and Arnulfo G. Ramirez look at various aspects of the short stories. Bruce-Novoa, Patricia de la Fuente, and Santiago Daydi-Tolson discuss t…"
"Annual Report of the Bureau of Ethnology","Smithsonian Institution. Bureau of American Ethnology","1912","America","Obra de Smithsonian Institution. Bureau of American Ethnology, publicada en 1912."
"Annual Report of the Bureau of American Ethnology to the Secretary of the Smithsonian Institution","Smithsonian Institution. Bureau of American Ethnology","1912","America","Obra de Smithsonian Institution. Bureau of American Ethnology, publicada en 1912."
"La crisis agricola y pecuaria","Spain. Comision para Estudiar la Crisis Agricultur y la Granaderia","1888","Ficción","Obra de Spain. Comision para Estudiar la Crisis Agricultur y la Granaderia, publicada en 1888."
"Anuario - Ensayo Piloto Mexicano de la Educación Básica","Ensayo Piloto Mexicano de la Educación Básica","1950","Education","Obra de Ensayo Piloto Mexicano de la Educación Básica, publicada en 1950."
"Anales de la Sociedad Rural Argentina","Sociedad Rural Argentina","1918","Agriculture","Obra de Sociedad Rural Argentina, publicada en 1918."
"Estética del ensayo","Josep M. Català Domènech","2014","Education","Obra de Josep M. Català Domènech, publicada en 2014."
"Modos del ensayo","Alberto Giordano","1991","Argentine essays","Obra de Alberto Giordano, publicada en 1991."
"Colección legislativa de España","Spain","1902","Law","Obra de Spain, publicada en 1902."
"Época de idiotas","Armando Zerolo","2022","Social Science","«Hablar bien de nuestra época resulta contracultural», escribe el autor al inicio de este ensayo. Estamos ante un libro que procura señalar precisamente los aspectos positivos de una sociedad que, si…"
"Jurisprudencia civil","Spain. Tribunal Supremo","1914","Law reports, digests, etc","Obra de Spain. Tribunal Supremo, publicada en 1914."
"Ensayo de betunes fluidificados","Laboratorio Central de Ensayo de Materiales de Construcción","1947","Ficción","Obra de Laboratorio Central de Ensayo de Materiales de Construcción, publicada en 1947."
"Ensayo sobre el principio de la población","Thomas Robert Malthus","1986","Ficción","Obra de Thomas Robert Malthus, publicada en 1986."
"Del ensayo americano","Medardo Vitier","1945","Essayists","Obra de Medardo Vitier, publicada en 1945."
"Ensayo sobre el entendimiento humano","John Locke","1956","Knowledge, Theory of","Obra de John Locke, publicada en 1956."
"Ensayo de resiliencia Charpy para aceros","Laboratorio Central de Ensayo de Materiales de Construcción","1962","Ficción","Obra de Laboratorio Central de Ensayo de Materiales de Construcción, publicada en 1962."
"Ensayo sobre el principio de la poblacion","Thomas Robert Malthus","1846","Population","Obra de Thomas Robert Malthus, publicada en 1846."
"Ensayo de adhesividad y cohesividad de materiales bituminosos","Laboratorio Central de Ensayo de Materiales de Construcción","1945","Ficción","Obra de Laboratorio Central de Ensayo de Materiales de Construcción, publicada en 1945."
"Ensayo sobre el ensayo","Juan Carlos Dido","2005","Ficción","Obra de Juan Carlos Dido, publicada en 2005."
"Cincuentenario del Laboratorio Central de Ensayo de Materiales de Construcción","Laboratorio Central de Ensayo de Materiales de Construcción (España)","1948","Ficción","Obra de Laboratorio Central de Ensayo de Materiales de Construcción (España), publicada en 1948."
"Bases metodológicas del ensayo clínico","Fernando Tato Herrero","1999","Medical","Obra de Fernando Tato Herrero, publicada en 1999."
"Ensayo para determinar la calidad de productos aireantes","Laboratorio Central de Ensayo de Materiales de Construcción","1960","Ficción","Obra de Laboratorio Central de Ensayo de Materiales de Construcción, publicada en 1960."
"Iturbide en Padilla","Francisco Granados Maldonado","1850","Ficción","Obra de Francisco Granados Maldonado, publicada en 1850."
"El ensayo hispánico","Pilar A. Sanjuán","1954","Spanish American essays","Obra de Pilar A. Sanjuán, publicada en 1954."
"Ensayo sobre el prejuicio","Horacio Rosatti","2018","Literary Collections","A través de un análisis minucioso en torno a la figura del monstruo nacido de la imaginación de Mary Shelley, este ensayo aborda el prejuicio ético que surge de la mirada estética, es decir, aquel qu…"
"Mariano Otero y su Ensayo sobre el verdadero estado de la cuestión social y política que se agita en la República Mexicana","Tirso Canales Gómez","1966","Mexico","Obra de Tirso Canales Gómez, publicada en 1966."
"Publicación","Laboratorio Central de Ensayo de Materiales de Construcción (Spain)","1947","Ficción","Obra de Laboratorio Central de Ensayo de Materiales de Construcción (Spain), publicada en 1947."
"Ensayo sobre el origen de las lenguas","Jean Jacques Rousseau","2025","Language Arts & Disciplines","Si este ensayo es una premonición de algunos de los derroteros de la lingüística actual y de la neorretórica francesa, también admite ser leído como uno de los textos pioneros de la relativización de…"
"El arte de narrar y la noción de literatura oral","Daniel Mato","1990","Social Science","Obra de Daniel Mato, publicada en 1990."
"Hipertexto y literatura","Jaime Alejandro Rodríguez","2000","Hypertext systems","Itinerario de una sospecha - El hipertexto como observatorio - Literatura y nuevas tecnologías - Hipertexto y literatura - Hipertexto y posmodernidad - El hipertexto y el universo neobarroco - Hipert…"
"Lengua y literatura","Cristina D'Alton","1990","Language and culture","Obra de Cristina D'Alton, publicada en 1990."
"La enseñanza de la literatura como práctica de liberación","Sergio Mansilla Torres","2003","Literary Criticism","Obra de Sergio Mansilla Torres, publicada en 2003."
"Lectura crítica de la literatura americana: Actualidades fundacionales","Saúl Sosnowski","1996","Criticism","Obra de Saúl Sosnowski, publicada en 1996."
"Lecciones de literatura","Ignacio Ramírez","1884","Language and languages","Obra de Ignacio Ramírez, publicada en 1884."
"Teoría de la literatura","Vítor Manuel de Aguiar e Silva","1972","Language Arts & Disciplines","El concepto de literatura. La teoría de la literatura - Funciones de la literatura - La creación poética - Géneros literarios - Lírica, narrativa y drama - La novela - La periodización literaria - El…"
"Historia de la literatura","Pompeyo Gener","1902","Literature","Obra de Pompeyo Gener, publicada en 1902."
"Elementos de historia general de la literatura","Clemente Cortejón","1909","Ficción","Obra de Clemente Cortejón, publicada en 1909."
"Clásicos de la literatura espanola ...: La vida de Lazarillo de Tormes, [by Lazarillo de Tormes","Adolfo Bonilla y San Martín","1915","Spanish literature","Obra de Adolfo Bonilla y San Martín, publicada en 1915."
"Historia de la lengua y literatura castellana ...","Julio Cejador y Frauca","1919","Basque language","Obra de Julio Cejador y Frauca, publicada en 1919."
"La literatura española en el siglo XIX: Vol. 2, Vol. 3","Francisco Blanco García","1891","Catalan literature","Obra de Francisco Blanco García, publicada en 1891."
"Historia de la literatura cubana ...","Juan José Remos y Rubio","1925","Cuban literature","Obra de Juan José Remos y Rubio, publicada en 1925."
"Clásicos de la literatura espanola ...: Sancho García, por don José Zorrilla [y Moral","Adolfo Bonilla y San Martín","1917","Spanish literature","Obra de Adolfo Bonilla y San Martín, publicada en 1917."
"Apuntes sobre la literatura americana","John Driscoll Fitz-Gerald","1924","American literature","Obra de John Driscoll Fitz-Gerald, publicada en 1924."
"Principios generales de literatura é historia de la literatura española","Manuel de la Revilla","1884","Spanish literature","Obra de Manuel de la Revilla, publicada en 1884."
"Historia crítica de la literatura uruguaya: 1900-1916. La edad ecléctica l","Carlos Roxlo","1916","Uruguayan literature","Obra de Carlos Roxlo, publicada en 1916."
"Rusia en la literatura peruana","César Augusto Angeles Caballero","1970","Peruvian literature","Obra de César Augusto Angeles Caballero, publicada en 1970."
"University of California Union Catalog of Monographs Cataloged by the Nine Campuses from 1963 Through 1967: Subjects","University of California (System). Institute of Library Research","1972","Library catalogs","Obra de University of California (System). Institute of Library Research, publicada en 1972."
"Lista Mundial de Revistas Especializadas en Ciencias Sociales","Unesco. Social Science Documentation Centre","1986","Social Science","Obra de Unesco. Social Science Documentation Centre, publicada en 1986."
"A Working Bibliography of Latin American Literature","José Manuel Topete","1952","Spanish American literature","Obra de José Manuel Topete, publicada en 1952."
"University of California, Berkeley, Serials Key Word Index","University of California, Berkeley. Library","1973","Catalogs, Union","Obra de University of California, Berkeley. Library, publicada en 1973."
"Sistema Decimal de Catalogacioń Adoptado Por El Instituto Internacional de Biblioǵrafos de Bruselas","Francisco Arturo Nuńẽz","1929","Bibliography","Obra de Francisco Arturo Nuńẽz, publicada en 1929."
"Alfonse Reyes as a Critic of Peninsular Spanish Literature","Phillip Young Koldewyn","1965","Ficción","Obra de Phillip Young Koldewyn, publicada en 1965."
"Guide to Reviews of Books from and about Hispanic America","Antonio Matos","1977","Reference","Obra de Antonio Matos, publicada en 1977."
"Proceedings of the ... Annual Meeting of the Rocky Mountain Council on Latin American Studies","Rocky Mountain Council on Latin American Studies. Meeting","1986","Latin America","Obra de Rocky Mountain Council on Latin American Studies. Meeting, publicada en 1986."
"Mexican Literature","David William Foster","1992","Literary Collections","A registry of criticism on 78 writers of Mexico in all genres and periods."
"Catalogue of Foreign Books in the Tôkyô Imperial University 1923-1935: Law and politics: Pt. 1. Law books in English","Tōkyō Daigaku. Toshokan","1943","Law","Obra de Tōkyō Daigaku. Toshokan, publicada en 1943."
"3000-3999, Modern languages and literature","Princeton University. Library","1920","Classified catalogs","Obra de Princeton University. Library, publicada en 1920."
"Literatura latinoamericana","Universidad de Buenos Aires. Instituto de Literatura Hispanoamericana","1994","Latin American literature","Obra de Universidad de Buenos Aires. Instituto de Literatura Hispanoamericana, publicada en 1994."
"Pagine sparse di literatura e di storia","Alessandro D'Ancona","1914","Italian literature","Obra de Alessandro D'Ancona, publicada en 1914."
"Columbia University Bulletin of Information","Columbia University","1930","Ficción","Obra de Columbia University, publicada en 1930."
"Boletin de la Universidad de Guadalajara","Universidad de Guadalajara","1928","Ficción","Obra de Universidad de Guadalajara, publicada en 1928."
"Revista","Academia Brasileira de Letras","1929","Brazilian literature","Obra de Academia Brasileira de Letras, publicada en 1929."
"American Nation Series","Pan American Union","1926","Ficción","Obra de Pan American Union, publicada en 1926."
"Anales","Universidad de la República (Uruguay)","1903","Ficción","Obra de Universidad de la República (Uruguay), publicada en 1903."
"Catalog of Copyright Entries, Third Series","Library of Congress. Copyright Office","1974","Copyright","The record of each copyright registration listed in the Catalog includes a description of the work copyrighted and data relating to the copyright claim (the name of the copyright claimant as given in…"
"Union catalog of serials currently received in the libraries of the University of Wisconsin--Madison","University of Wisconsin--Madison. Libraries","1985","Libraries","Obra de University of Wisconsin--Madison. Libraries, publicada en 1985."
"Cómo leer literatura","Terry Eagleton","2016","Ficción","Obra de Terry Eagleton, publicada en 2016."
"Historia de la Literatura Hispanoamericana: 1780-1914","Raimundo Lazo","1967","Spanish American literature","Obra de Raimundo Lazo, publicada en 1967."
"Historia de la literatura española","Juan Luis Alborg","1970","Literary Collections","Una mirada de conjunto dirigida a la plenitud del siglo XVII nos proporciona la evidencia de hallarnos en una etapa literaria enteramente distinta de la anterior, pero ya no es tan haacedero delimita…"
"American Literature in Spain","John De Lancey Ferguson","1916","American literature","Obra de John De Lancey Ferguson, publicada en 1916."
"Pan American Miscellany","Pan American Union","1922","Ficción","Obra de Pan American Union, publicada en 1922."
"The Modern Language Review","John George Robertson","1921","Languages, Modern","Each number includes the section ""Reviews."""
"University of Wisconsin Studies in Language and Literature","University of Wisconsin. Department of Romance Languages","1924","French literature","Obra de University of Wisconsin. Department of Romance Languages, publicada en 1924."
"A Critical Dictionary of English Literature and British and American Authors, Living and Deceased, from the Earliest Accounts to the Latter Half of the Nineteenth Century","Samuel Austin Allibone","1871","American literature","Obra de Samuel Austin Allibone, publicada en 1871."
"Historia de la Literatura Mexicana","Sergio Howland Bustamante","1965","Ficción","Obra de Sergio Howland Bustamante, publicada en 1965."
"Estudios críticos sobre literatura, política y costumbres de nuestros días","Juan Valera","1864","Literature","Obra de Juan Valera, publicada en 1864."
"Los Miserables","Victor Hugo","2017","Ficción","considerada como una de las obras más conocidas del siglo XIX. La novela, de estilo romántico, plantea a través de su argumento un razonamiento sobre el bien y el mal, sobre la ley, la política, la é…"
"Inicios de una literatura regional","Dora Helena Tamayo Ortiz","2005","Colombian fiction","A la presente antologia la orientan dos preocupaciones fundamentales : brindar un panorama de la creacion narrativa en prosa surgida an Antioquia en la segunda mitad del siglo XIX y contribuir a la c…"
"XVII Congreso del Instituto Internacional de Literatura Iberoamericana","Instituto Internacional de Literatura Iberoamericana. Congreso","1978","Ficción","Obra de Instituto Internacional de Literatura Iberoamericana. Congreso, publicada en 1978."
"Prolegómenos de literatura é historia","Samuel Blixén","1892","Oriental literature","Obra de Samuel Blixén, publicada en 1892."
"Clases. Literatura y disidencia","Daniel Link","2025","Fiction","Veinte años después de su primera publicación, vuelve Clases, el primer volumen de una trilogía integrada también por Fantasmas y Suturas. Se suman a esta nueva edición un prólogo del autor y textos…"
"Origen, progresos y estado actual de toda la literatura","Giovanni Andrés","1787","Learning and scholarship","Obra de Giovanni Andrés, publicada en 1787."
"The New International Encyclopaedia","Frank Moore Colby","1928","Encyclopedias and dictionaries","Obra de Frank Moore Colby, publicada en 1928."
"Bibliografía general de la literatura latinoamericana","Unesco","1972","Latin America","Obra de Unesco, publicada en 1972."
"Discurso y literatura","Luis Barrera Linares","2003","Discourse analysis, Literary","Obra de Luis Barrera Linares, publicada en 2003."
"Lecciones de literatura","Francisco Navarro y Ledesma","1925","Literatura","Obra de Francisco Navarro y Ledesma, publicada en 1925."
"Historia de la literatura y del arte dramático en España, tomo III","Adolf Friedrich von Schack","2024","Literary Criticism","Sumérgete en la rica y vibrante historia de Historia de la literatura y del arte dramático en España, tomo III de Adolf Friedrich von Schack, donde se desentrañan las complejidades de la evolución li…"
"El arte de la literatura","Kurt Spang","2009","Comics & Graphic Novels","Obra de Kurt Spang, publicada en 2009."
"ALA Bulletin","American Library Association","1929","Library science","Obra de American Library Association, publicada en 1929."
"Caminando Por la Literatura","Javier Rivero Grandoso","2021","Ficción","En este volumen se estudian las relaciones entre literatura y turismo. Se analizan los relatos de viaje con respecto al turismo y se abordan actividades turísticas desarrolladas a partir de textos li…"
"Lengua y literatura: t.] Iniciación a la literatura (desde los origenes a Cervantes)","Guillermo Díaz-Plaja","1957","Spanish language","Obra de Guillermo Díaz-Plaja, publicada en 1957."
"Estetica é historia critica de la literatura desde su origen","Federico Gómez Arias","1852","Estètica","Obra de Federico Gómez Arias, publicada en 1852."
"Textos universitarios","Buenos Aires. Universidad. Instituto de Literatura Inglesa y Norteamericana","1954","American literature","Obra de Buenos Aires. Universidad. Instituto de Literatura Inglesa y Norteamericana, publicada en 1954."
"Lengua, literatura y educación","Oriniel Martínez Ibarra","2023","Study Aids","""Lengua, Literatura y Educación: perspectivas desde la revista Órbita Científica"" es una fascinante compilación de artículos que invita a adentrarse en el mundo de la formación docente, la enseñanza…"
"Literatura hablada","Juan Domingo Argüelles","2002","Authors, Mexican","Obra de Juan Domingo Argüelles, publicada en 2002."
"Historia crítica de la literatura Española","José Amador de los Rios","1861","Ficción","Obra de José Amador de los Rios, publicada en 1861."
"La literatura mexicana","Luis Mario Schneider","1967","Mexican literature","Obra de Luis Mario Schneider, publicada en 1967."
"Punto y aparte","Italo Calvino","1983","Ficción","Obra de Italo Calvino, publicada en 1983."
"Historia de la literatura universal","Martín de Riquer","1973","Ficción","Obra de Martín de Riquer, publicada en 1973."
"Lengua y literatura de España","Ernesto Giménez Caballero","1940","Spanish language","Obra de Ernesto Giménez Caballero, publicada en 1940."
"Congreso de literatura","II Congreso Mundial Vasco","1989","Ficción","Obra de II Congreso Mundial Vasco, publicada en 1989."
"La literatura considerada como una tauromaquia","Michel Leiris","1975","Ficción","Obra de Michel Leiris, publicada en 1975."
"El resplandor intelectual de las imágenes","José Pascual Buxó","2002","Emblem books, Spanish","Obra de José Pascual Buxó, publicada en 2002."
"Literatura en voz alta","Marco Antonio Campos","2001","Authors","Obra de Marco Antonio Campos, publicada en 2001."
"XVII [Decimoséptimo] Congreso del Instituto Internacional de Literatura Iberoamericana: Crítica histórico-literaria hispanoamericana","Centro Iberoamericano de Cooperación","1978","Spanish American literature","Obra de Centro Iberoamericano de Cooperación, publicada en 1978."
"Agustín Pérez Pardella","Duilio Ferraro","2002","Ficción","Obra de Duilio Ferraro, publicada en 2002."
"Historia y crítica de la literatura española: Edad Media","Francisco Rico","1980","Spanish literature","Esta obra quiere mostrar una imagen nueva de la literatura espanola: un panorama formado por las mejores paginas que la critica moderna, desde las perspectivas mas originales y reveladoras, ha dedica…"
"Literatura hispanoamericana","Julio Orlandi Araya","1963","Latin American literature","Obra de Julio Orlandi Araya, publicada en 1963."
"Presentación [de la revista Tema y variaciones de literatura, No. 16].","Oscar Mata Juárez","2001","Ficción","Presentación del número 16 de tema y variaciones de literatura dedicado a las principales corrientes y obras mexicanas del siglo XX, en un volumen que reúne tanto estudios panorámicos como acercamien…"
"Biblioteca selecta de literatura española, o, Modelos de elocuencia y poesia, tomados de los escritores mas célebres por P. Mendibil y M. Silvela","Pablo de Mendíbil","1819","Ficción","Obra de Pablo de Mendíbil, publicada en 1819."
"Historia de la literatura hispanoamericana","Enrique Anderson Imbert","1964","Spanish American literature","Obra de Enrique Anderson Imbert, publicada en 1964."
"Estudios y ensayos sobre literatura . Tercera Parte : ensayos sobre literatura contemporánea","Dámaso Alonso","1972","Ficción","Obra de Dámaso Alonso, publicada en 1972."
"De la crónica a la nueva narrativa mexicana","Merlin H. Forster","1986","Latin American literature","Obra de Merlin H. Forster, publicada en 1986."
"Ensayo Historico-Apologetico de la Literatura Española Contra las Opiniones Preocupadas de Algunos Escritores Modernos Italianos, Vol. 1","Francisco Xavier Lampillas","2018","Literary Criticism","Excerpt from Ensayo Historico-Apologetico de la Literatura Española Contra las Opiniones Preocupadas de Algunos Escritores Modernos Italianos, Vol. 1: Parte Primera de la Literatura Antigua Luego que…"
"Xaimaca","Ricardo Güiraldes","2023","Fiction","El libro ""Xaimaca"" de Ricardo Güiraldes es una novela que se sumerge en la vida y la cultura de Jamaica, un país que representa tanto un paraíso tropical como un escenario de complejidades sociales y…"
"The general and departmental libraries","University of California, Berkeley. Library","1928","Latin America","Obra de University of California, Berkeley. Library, publicada en 1928."
"La literatura espan̓ola en el siglo XIX","Francisco Blanco García","1912","Catalan literature","Obra de Francisco Blanco García, publicada en 1912."
"Elementos filosóficos de la literatura","Isaac Nuñez de Arenas","1858","Estètica","Obra de Isaac Nuñez de Arenas, publicada en 1858."
"Obras completas de D. Francisco Giner de los Ríos: Estudios de Literatura y arte","Francisco Giner de los Ríos","1919","Ficción","Obra de Francisco Giner de los Ríos, publicada en 1919."
"El extraño vicio de escribir","Ricardo Gil Otaiza","2008","Books and reading","Obra de Ricardo Gil Otaiza, publicada en 2008."
"Poéticas de autor en la literatura argentina, desde 1950","Víctor Gustavo Zonana","2007","Argentine poetry","Obra de Víctor Gustavo Zonana, publicada en 2007."
"El acoso de las fantasías","Slavoj Zizek","1999","Psychology","La fantasía guarda con la realidad una curiosa relación de lejanía y proximidad, creando un escenario en el que se opaca el horror real de la situación. Bajo esta perspectiva lacaniana, Slavoj vZivze…"
"Creación arte y psiquis","Guillermo Sánchez Medina","2003","Ficción","Obra de Guillermo Sánchez Medina, publicada en 2003."
"Las cosas como son y otras fantasías","Pau Luque","2020","Philosophy","Un libro inteligente y ágil, que profundiza en las complejas relaciones entre moral y ficción, que vuelven a estar –o acaso nunca han dejado de estarlo– en el centro del debate. ¿Hay arte moralmente…"
"Fantasías que crean empresa. Elementos psicoanalíticos sobre la génesis de las empresas familiares - 2da edición","Oscar Darío Ortiz Velasquez","2018","Business & Economics","La creación y la dirección de las empresas familiares están determinadas más por las fantasías inconscientes de sus fundadores y sus descendientes, que por los asuntos racionales. Esto es lo que los…"
"Lacan y lo político","Yannis Stavrakakis","2007","Psychoanalysis","Obra de Yannis Stavrakakis, publicada en 2007."
"3 libros de música en cifra","Alonso Mudarra","1984","Music","Estudio y edición musical de los ‘Tres libros de música en cifra para vihuela' (Sevilla: Juan de León, 1546) del compositor Alonso Mudarra (ýSevilla, 1580) a partir de un ejemplar conservado en la Bi…"
"Léxico psico(pato)lógico","Julio José Segarra Valls","2011","Medical","A modo de diccionario, este libro presenta 590 entradas que estructuran la teoría epistemológica de la conducta y de la sociedad que el profesor Carlos Castilla del Pino, figura indiscutible y refere…"
"EL LÉXICO DEL NORTE DE LA NAVEGACIÓN DE ANTONIO DE GAZTAÑETA","SAN MATEO VALDEHITA Alicia","2018","Language Arts & Disciplines","La publicación de El léxico del Norte de la navegación, de Antonio de Gaztañeta, se enmarca dentro del proyecto de investigación “Léxico y gramática en el siglo XVII: Edición y estudio lingüístico de…"
"The Complete Fantasias of Luys Milan","David Grimes","2016","Music","In his quest to compile an anthology of the best pieces by vihuela composers, David Grimes encountered the rich complexity of the music of Luys Milan. He also noticed many discrepancies in fingering…"
"Diccionario de chilenismos y de otras voces y locuciones viciosas","Manuel Antonio Romàn","1901","Spanish language","Obra de Manuel Antonio Romàn, publicada en 1901."
"Diccionario de chilenismos y de otras voces y locuciones viciosas","Manuel Antonio Román","1911","Encyclopedias and dictionaries, Spanish","Obra de Manuel Antonio Román, publicada en 1911."
"Edición nacional de las obras completas de Menéndez Pelayo","Marcelino Menéndez y Pelayo","1947","Ficción","Obra de Marcelino Menéndez y Pelayo, publicada en 1947."
"Nuevo fondo total","Rogelio Navarro","1969","Ficción","Obra de Rogelio Navarro, publicada en 1969."
"Cuadros de la fantasia y de la vida real","Enrique Ramírez de Saavedra Rivas (duque de)","1897","Ficción","Obra de Enrique Ramírez de Saavedra Rivas (duque de), publicada en 1897."
"Teoría de la crítica literaria","Pedro Aullón de Haro","1994","Education","Conjunto de monografías que recopila las diversas vertientes disciplinarias de las líneas maestras de la crítica literaria contemporánea para desembocar en el estado más avanzado del pensamiento meto…"
"El feminismo que no llegó al poder","Paloma Uría","2009","Social Science","Las polémicas teóricas e ideológicas feministas reproducen los debates más importantes del pensamiento filosófico y político contemporáneo. Las críticas feministas a la razón ilustrada, al liberalism…"
"Manual psicología, lógica y ética","U. González Serrano","1880","Lògica","Obra de U. González Serrano, publicada en 1880."
"Memoria sobre los negocios correspondientes a los depachos del interior y justicia del gobierno de Venezuela","Venezuela. Ministerio de Relaciones Interiores","1929","Venezuela","Obra de Venezuela. Ministerio de Relaciones Interiores, publicada en 1929."
"Vida y sentido","Luis Abad Carretero","1960","Filosofía española","Obra de Luis Abad Carretero, publicada en 1960."
"Interpretación pictórica del ""Quijote"" por Doré","Miguel Romera-Navarro","1946","Illustrators","Obra de Miguel Romera-Navarro, publicada en 1946."
"VOX Diccionario Escolar, 2nd Edition","Vox","2011","Foreign Language Study","Provides definitions for more than 38,000 contemporary Spanish words and phrases, including information on usage, synonyms, and antonyms, and offers complete conjugations of irregular verbs."
"Boletín Informativo","Argentina. Departamento Nacional del Trabajo","1942","Ficción","Obra de Argentina. Departamento Nacional del Trabajo, publicada en 1942."
"Expresiones culturales y de género","Ute Seydel","2006","Art, Mexican","Obra de Ute Seydel, publicada en 2006."
"Bienvenidos a la fiesta","Luis Daniel González","2001","Biography & Autobiography","Obra de Luis Daniel González, publicada en 2001."
"Album de la Oficina internacional americana para la protección de las marcas de fábrica y de comercio","Inter-American Trade-mark Bureau","1922","Trademarks","Obra de Inter-American Trade-mark Bureau, publicada en 1922."
"Literatura (parte general)","Mario Méndez Bejarano","1902","Language and languages","Obra de Mario Méndez Bejarano, publicada en 1902."
"Estética como ciencia de la expresión y lingüística general","Benedetto Croce","1912","Aesthetics","Obra de Benedetto Croce, publicada en 1912."
"Sur","Victoria Ocampo","1962","Argentina","Obra de Victoria Ocampo, publicada en 1962."
"Curso superior de literatura preceptiva","Pedro Bernaola de San Martin","1928","Literature","Obra de Pedro Bernaola de San Martin, publicada en 1928."
"Del romanticismo al realismo","Sociedad de Literatura Española del Siglo XIX. Coloquio","1998","Naturalism in literature","Obra de Sociedad de Literatura Española del Siglo XIX. Coloquio, publicada en 1998."
"Baile y filosofía","Roberto Gache","1922","Argentina","Obra de Roberto Gache, publicada en 1922."
"Una interpretación de Cien años de soledad","Estrella Cartín de Guier","1983","Macondo (Imaginary place)","Obra de Estrella Cartín de Guier, publicada en 1983."
"La contemplación del arte y la evolución artística (estudios sobre teoría general del arte)","José Jordán de Urríes y Azara","1943","Aesthetics","Obra de José Jordán de Urríes y Azara, publicada en 1943."
"Caras y caretas","Mocho (Fray)","1916","Argentina","Obra de Mocho (Fray), publicada en 1916."
"IIE, Revista del Instituto de Investigaciones Educativas","Instituto de Investigaciones Educativas","1981","Argentina","Obra de Instituto de Investigaciones Educativas, publicada en 1981."
"De nuestra historia","José Ignacio Yani","1915","South America","Obra de José Ignacio Yani, publicada en 1915."
"La nación (im)posible","Pablo San Martín Antuña","2006","History","Obra de Pablo San Martín Antuña, publicada en 2006."
"The Orphée Data-base of Guitar Records","Matanya Ophee","1990","Music","Obra de Matanya Ophee, publicada en 1990."
"Elementos de filosofía especulativa segun las doctrinas de los escolásticos y singularmente de Santo Tomás de Aquino","Giuseppe Prisco","1884","Escolasticisme","Obra de Giuseppe Prisco, publicada en 1884."
"Cuban Festivals","Judith Bettelheim","1993","Social Science","Review: ""Presents an ethnography of the carnival in Santiago de Cuba and translation of the work of Fernando Ortiz on the Day of Kings national festival. Includes a glossary of carnival terms by Cuba…"
"Propalladia: Torres Naharro and the Drama of the Renaissance","Bartolomé de Torres Naharro","1944","Ficción","Obra de Bartolomé de Torres Naharro, publicada en 1944."
"Six Silver Moonbeams","Richard Dwight Stover","1992","Biography & Autobiography","Obra de Richard Dwight Stover, publicada en 1992."
"Narrative Magic in the Fiction of Isabel Allende","Patricia Hart","1989","Fiction","Obra de Patricia Hart, publicada en 1989."
"Fantasías indíjenas","José Joaquín Pérez","1877","Indians of the West Indies","Obra de José Joaquín Pérez, publicada en 1877."
"Manual del confitero","Léon Arnou","1909","Confectionery","Obra de Léon Arnou, publicada en 1909."
"Appleton's New Spanish-English and English-Spanish Dictionary","Arturo Cuyás","1903","English language","Obra de Arturo Cuyás, publicada en 1903."
"Mensaje del Gobernador general Francis Burton Harrison a la tercera Legislatura filipina, pronunciado el 16 de Oct. de 1914","Philippines. Governor (1913-1921 : Harrison)","1914","Ficción","Obra de Philippines. Governor (1913-1921 : Harrison), publicada en 1914."
"Encuentro Internacional Narradores de esta América","Fondo de Cultura Económica","1998","Literary Criticism","Esta obra re ne los textos del Encuentro Internacional ""Narradores de esta Am rica"", organizado por la Universidad de Lima en noviembre de 1997, donde 40 destacados narradores de la regi n expusieron…"
"Rebuso de voces castizas","Juan Mir y Noguera","1907","Spanish language","Obra de Juan Mir y Noguera, publicada en 1907."
"Diccionario de galicismos","Rafael María Baralt","1874","Spanish language","Obra de Rafael María Baralt, publicada en 1874."
"Boletin de industria, comercio y trabajo ...","Mexico. Secretaría de Industria, Comercio y Trabajo","1919","Labor","Obra de Mexico. Secretaría de Industria, Comercio y Trabajo, publicada en 1919."
"Diccionario biográfico y bibliográfico de calígrafos españoles","Emilio Cotarelo y Mori","1916","Calligraphers","Obra de Emilio Cotarelo y Mori, publicada en 1916."
"Diálogo de la lengua und Refranes","Juan de Valdés","1895","Proverbs, Spanish","Obra de Juan de Valdés, publicada en 1895."
"Inn Places","Ferrari International","1999","Travel","This is the most highly acclaimed guide to gay and lesbian accommodations. Exclusively about gay and lesbian and gay-friendly accommodations, this guide serves up all the detail one needs to choose t…"
"Neues spanisch-deutsches und deutsch-spanisches Wörterbuch","Louis Tolhausen","1888","Ficción","Obra de Louis Tolhausen, publicada en 1888."
"The Art of Julian Bream","Graham Wade","2008","Guitarists","""Julian Bream's influence is apparent in every area of the classical guitar repertoire, He transcribed Baroque works by Scarlatti, Buxtehude, Cimarosa, etc., and is acknowledged as one of the great i…"
"Boletín de la Real Sociedad Geográfica","Real Sociedad Geográfica (Spain)","1882","Geography","Obra de Real Sociedad Geográfica (Spain), publicada en 1882."
"Journal of the Warburg and Courtauld Institutes","Warburg Institute","1959","Art","Obra de Warburg Institute, publicada en 1959."
"Neues spanisch-deutsches und deutsch-spanisches wörterbuch: bd. Deutsch-spanisch","Louis Tolhausen","1897","German language","Obra de Louis Tolhausen, publicada en 1897."
"Dragones de Stygia IV","Círculo de Fantasía","2020","Ficción","La cuarta antología del grupo Círculo de Fantasía está compuesta por 14 relatos y, además, contiene una historia nexo que sirve de unión a las demás, lo que hace de esta antología una lectura muy esp…"
"Pampa Central: pt. 1884-1924","Jorge Etchenique","2001","Constitutional history","Obra de Jorge Etchenique, publicada en 2001."
"Pre-published papers for plenary and seminar discussion","Stockholm International Psycho-analytical Congress. 23d","1963","Ficción","Obra de Stockholm International Psycho-analytical Congress. 23d, publicada en 1963."
"The New Grove Dictionary of Music and Musicians","Stanley Sadie","2001","Music","Obra de Stanley Sadie, publicada en 2001."
"The New Grove Dictionary of Music and Musicians: Russian Federation, II to Scotland","Stanley Sadie","2001","Music","Obra de Stanley Sadie, publicada en 2001."
"Diccionario de la lengua española","Real Academia Española","1925","Spanish language","Dedicatoria: De la biblioteca de Marco Fidel Suarez su familia retiro este libro que, por mediacion del suscrito consagra al Dr. Jose J. Escobar, como prenda de admiracion a su incansable labor por l…"
"Appleton's New English-Spanish and Spanish-English Dictionary","Arturo Cuyás","1930","English language","Obra de Arturo Cuyás, publicada en 1930."
"Psicología de la fantasía","I. M. Rozet","1981","Psychology","La autora trata de determinar en esta obra el conjunto de fenómenos que constituyen la base de la fantasía, entendiendo que este término se refiere a cualquier actividad mental productiva, con indepe…"
"Diccionario general de la lengua castellana ...","Antonio San de Velilla","1906","Catalan language","Obra de Antonio San de Velilla, publicada en 1906."
"Aquí está mi corazón","Gastón Herrera Cagigao","2007","Ficción","Obra de Gastón Herrera Cagigao, publicada en 2007."
"Los mundos posibles","JOSE. TORRES","2022","Fiction","La fantasía nos ha atravesado de múltiples formas a lo largo de la vida, el primer acercamiento nos lleva a recordar la infancia, donde la creación de mundos posibles nos permitía vivir llenos de aso…"
"Diccionario de la lengua española","Salvador Viada y Vilaseca","1903","Spanish language","Obra de Salvador Viada y Vilaseca, publicada en 1903."
"Music in Print Master Title Index, 1999","emusicquest","1999","Music","Obra de emusicquest, publicada en 1999."
"En el país de la fantasía - Al país de la fantasia","María Pilar Cabré Llauradó","2017","Ficción","Libro bilingüe Español – Catalán En el país de la fantasía, en un ambiente donde reinaba la alegría y la concordia, se vive en paz y armonía entre diversos seres míticos, aunque no todo sale bien sie…"
"Mundo Fantasía","Cristina Cabrera Arias","2021","Juvenile Fiction","Julia es una niña de siete años que sale de excursión con sus compañeros de clase y su mascota Pelusa, una gatita negra que siempre la acompaña. Sin quererlo, se verá envuelta en una aventura monumen…"
"Visiones contemporáneas de la fantasía épica","Antonio Castro Balbuena","2024","Literary Collections","Contar historias va más allá de las palabras que las conforman. A partir de esta premisa, que marca la narratología de los últimos años, nace esta monografía con el objetivo de clarificar, dilucidar…"
"Historias Increíbles Del Mundo De Fantasía","Amrahs Hseham","2024","Fiction","""La llamada de la Muerte"" presenta a Ludwig, atrapado por siniestros susurros de lo sobrenatural en el paisaje alemán. Esta narrativa explora el folclore y la exploración existencial, desplegando un…"
"Los reinos de la fantasía: el mal que renace","Esteban Herrera Aleu","2023","Comics & Graphic Novels","Título del Libro: Los reinos de la fantasía: el mal que renace. Sumérgete en esta fascinante historia, donde la magia y las sombras se entrelazan en un vibrante tapiz de aventura y misterio. Esta pri…"
"LAS PRUEBAS DE LA LUNA PLATEADA / FANTASÍA / ROMANCE","Adrian iturbe sanchez","2025","Art","LAS PRUEBAS DE LA LUNA PLATEADA EL JARDÍN DE LAS SOMBRAS 2DO LIBRO AUTOR: ADRIAN ITURBE SANCHEZ ©2021 Derechos reservados “Algunas flores no nacen para ser cortadas, sino para contar lo que el tiempo…"
"Fantasía secreta","Carly Phillips","2018","Fiction","El futuro profesional del reportero Doug Houston parecía muy negro. Después de un error, se dio cuenta de que la única manera de salvar su integridad profesional era dar con la novia que había dejado…"
"Fantasía oriental","Olga Santoyo de Matamoros","1969","Tales","Obra de Olga Santoyo de Matamoros, publicada en 1969."
"Fantasía Erótica Eterna: 10 Novelas de Romance, Fantasía Y Erótica En 1 Colección","Gema Perez","2019","Fiction","¡Temporalmente a sólo 9,99! Precio normal 29,90. (Descuento del 66%. 3x1)Estás frente a una colección que incluye 10 libros escritos por Gema Perez.A continuación te dejo los títulos de las obras: La…"
"Los Bionueces. Un mundo de fantasía","Lucila Ruiz","2024","Fiction","""LOS BIONUECES"" es una novela de fantasía. Cada página de la historia te adentrará en un universo lleno de personajes fantásticos con sorprendentes peculiaridades. Esta novela es apta para lectores a…"
"Fantasía y Ficción en pequeñas dosis","F. J. Sanz","2018","Fiction","""En una sombría taza de retorcida filigrana gótica, mezclamos un chorrito de fantasía épica tradicional, una cucharada de ciencia-ficción apocalíptica y unas gotas de rezumante terror paranormal, tod…"
"Fantasía","Macarena Pinedo López","2019","Fiction","Martín es un atractivo hombre que ya ha traspasado la barrera de los cuarenta, aunque lo cierto es que se encuentra en el mejor momento de su vida. Tiene un trabajo estable, una novia preciosa y much…"
"Mundo de fantasía","Amparo G. de Rocha","1977","Ficción","Obra de Amparo G. de Rocha, publicada en 1977."
"Grimorio 13. Antología de Fantasía Oscura Española","Álvaro Aparicio","2017","Fiction","Eh, tú. Sí. Tú. Ya has empezado a leer. Me temo que no hay escapatoria para ti. Cuéntame una historia. ¿Qué? ¿No te viene ninguna a la cabeza? Mentira. Todos recordamos historias. La niña de aquella…"
"Fantasia Libro de Colorear","Lea Schöning Bb","2023","Fiction","70 asombrosos dibujos de fantasía para colorear de Lea Schöning Fantasy Mandala Colouring Book ofrece una forma única de expresar tu creatividad a la vez que fomenta la relajación. Las páginas del li…"
"Fantasía Interminable","Daniel Santos","2019","Ficción","¡Temporalmente a sólo 9,99! Precio normal 29,90. (Descuento del 66%. 3x1)Estás frente a una colección que incluye 10 libros escritos por Daniel Santos.A continuación te dejo los títulos de las obras:…"
"Cuentos de Fantasía","Alicia Torres","2022","Ficción","En estos ́ ́Cuentos de Fantasía ́ ́, dejaremos volar nuestra imaginación. Te acompañaré y encontrarás curiosidades, también historias en las cuales el valor de la amistad es muy importante. Viajaremo…"
"La internacionalización de la jurisdicción penal","Rafael A. Prieto Sanjuán","2005","Criminal jurisdiction","CONTENIDO: Tribunales de posguerra - Después de la Gran Guerra, procesar al emperador Guillermo II - Juzgar grandes criminales del a segunda guerra mundial - Con relación a la descomposición del orde…"
"“Las” siete partidas del Sabio Rey Don Alonso el Nono, nuevamente glosadas (por Gregorio Lopez Tovar). Con ... Reportorio ... del Testo como de la Glossa (y Tabla de los titulos.)","Alfons X. (der Weise, Kastilien-LÃ©on, KÃ¶nig)","1611","Ficción","Obra de Alfons X. (der Weise, Kastilien-LÃ©on, KÃ¶nig), publicada en 1611."
"Leyes 19.576 a la 19.600","Chile","1999","Ficción","Obra de Chile, publicada en 1999."
"Corpus Juris","William Mack","1918","Law","Obra de William Mack, publicada en 1918."
"Evidence","Steven Emanuel","2001","Law","This study aid focuses on the Federal Rules of Evidence, now adopted not only in the federal system but in more than half of the states. But you also learn the longstanding rules of Evidence-- the co…"
"The College Law Dictionary","James Arthur Ballentine","1948","Law","Obra de James Arthur Ballentine, publicada en 1948."
"Black's Law Dictionary with Pronunciations","Henry Campbell m.fl Black","1990","Ficción","Obra de Henry Campbell m.fl Black, publicada en 1990."
"Annotated Leading Cases of International Criminal Tribunals","André Klip","2008","History","This 15th volume of Annotated Leading Cases of International Criminal Tribunals contains the most important decisions of the International Criminal Tribunal for the former Yugoslavia from October 14,…"
"The International Criminal Tribunal for the former Yugoslavia 2003","André Klip","2008","Crimes against humanity","Obra de André Klip, publicada en 2008."
"California Community Crime Resistance Program","California. Office of Criminal Justice Planning","1982","Crime prevention","Obra de California. Office of Criminal Justice Planning, publicada en 1982."
"A Law Dictionary of Words, Terms, Abbreviations and Phrases which are Peculiar to the Law and of Those which Have a Peculiar Meaning in the Law","James Arthur Ballentine","1916","Encyclopedias and dictionaries","Obra de James Arthur Ballentine, publicada en 1916."
"The Impact of Crime on Victims","Texas. Crime Victims' Institute","1998","Victims of crimes","Obra de Texas. Crime Victims' Institute, publicada en 1998."
"The Cyclopedic Dictionary of Law","Walter A. Shumaker","1901","Law","Obra de Walter A. Shumaker, publicada en 1901."
"The Tragic Drama of the Greeks","Arthur Elam Haigh","1925","Greek drama (Tragedy)","Obra de Arthur Elam Haigh, publicada en 1925."
"De Criminibus","Antonius Matthaeus","1987","Corpus juris civilis","Obra de Antonius Matthaeus, publicada en 1987."
"The Cyclopedic Law Dictionary","Walter A. Shumaker","1901","Law","Obra de Walter A. Shumaker, publicada en 1901."
"Illinois Appellate Reports","Illinois. Appellate Court","1977","Law reports, digests, etc","Obra de Illinois. Appellate Court, publicada en 1977."
"Pro L. Cornelio Balbo oratio ad iudices","Marcus Tullius Cicero","1896","Ficción","Obra de Marcus Tullius Cicero, publicada en 1896."
"Stalking","Dianne Hubbard","2008","Harassment","Obra de Dianne Hubbard, publicada en 2008."
"The Imagined Underworld","James Alex Garza","2007","Biography & Autobiography","Introduction -- Charting the imagined city -- The terror of Peralvillo, ""El Chalequero"" -- Love, betrayal, and death in the underworld -- Organized crime and the porfirian state -- Disease, decay, an…"
"Ciceronis Pro L. Cornelio Balbo Oratio Ad Iudices","Marcus Tullius Cicero","1890","Ficción","Obra de Marcus Tullius Cicero, publicada en 1890."
"American Ecclesiastical Review","Herman Joseph Heuser","1925","Ficción","Obra de Herman Joseph Heuser, publicada en 1925."
"The International Film Index, 1895-1990: Film titles","Alan Goble","1991","Motion picture producers and directors","Obra de Alan Goble, publicada en 1991."
"The Biology of Literature","Walter A. Koch","1993","Art and literature","Obra de Walter A. Koch, publicada en 1993."
"The American and English Encyclopædia of Law","David Shephard Garland","1900","Law","Obra de David Shephard Garland, publicada en 1900."
"Military Rules of Evidence Manual","Stephen A. Saltzburg","1997","Law","Military Rules of Evidence Manual, Fourth Edition is the only publication of its kind available to both military & civilian attorneys that analyzes what the Rules say & mean to judges & counsel in th…"
"An Introduction to Criminal Justice","Orvill C. Snyder","1953","Criminal law","Obra de Orvill C. Snyder, publicada en 1953."
"Cases and Materials on Evidence","David W. Louisell","1981","Law","Obra de David W. Louisell, publicada en 1981."
"Indicators of Justice","Sorrel Wildhorn","1976","Criminal justice, Administration of","Obra de Sorrel Wildhorn, publicada en 1976."
"Dramatic Pairings in the Elegies of Propertius and Ovid","John T. Davis","1977","Altertum","Obra de John T. Davis, publicada en 1977."
"Outlines of South African Criminal Law and Procedure","Alfred Victor Lansdown","1960","Criminal law","Obra de Alfred Victor Lansdown, publicada en 1960."
"Evidence","Paul R. Rice","1987","Common law","Obra de Paul R. Rice, publicada en 1987."
"Lone Star Justice","David M. Horton","1999","Law","Drawn from a broad range of historical, political, and statutory sources, the authors combine a host of factual and historical information about the criminal justice system in Texas. This volume also…"
"The Mexican Bureaucracy Before the Bourbon Reforms, 1700-1770","Brian R. Hamnett","1979","Colonial administrators","Obra de Brian R. Hamnett, publicada en 1979."
"The Law of the International Criminal Tribunal for the Former Yugoslavia","M. Cherif Bassiouni","1996","History","This thorough commentary on the International Criminal Tribunal for the Former Yugoslavia draws on legislative history, international and comparative law sources, and the Tribunal's Rules of Procedur…"
"Criminal Law","Kenneth M. Wells","1978","Law","Obra de Kenneth M. Wells, publicada en 1978."
"Decisions, Court of Appeal, Parish of Orleans","Louisiana. Court of Appeal (Orleans Parish)","1907","Law reports, digests, etc","Obra de Louisiana. Court of Appeal (Orleans Parish), publicada en 1907."
"Traditio","Johannes Quasten","1948","Canon law","Catalogue of offprints from vols. 1-20 in v. 20, p. [527]-541."
"Federal Rules of Evidence Manual","Stephen A. Saltzburg","1998","Evidence (Law)","A complete guide to the Federal rules of evidence."
"Peccatum","Anna Elizabeth Wilhelm-Hooijbergh","1954","Ethics","Obra de Anna Elizabeth Wilhelm-Hooijbergh, publicada en 1954."
"Pivotal Catalogues in the Aeneid","W. P. Basson","1975","Literary Criticism","Obra de W. P. Basson, publicada en 1975."
"A Law Dictionary and Glossary","J. Kendrick Kinney","1893","Law","Obra de J. Kendrick Kinney, publicada en 1893."
"Glossary of Technical Terms, Phrases, and Maxims of the Common Law","Frederic Jesup Stimson","1881","Law","Obra de Frederic Jesup Stimson, publicada en 1881."
"Glossary of Technical Terms, Phrases and Maxims of the Common Law","Stimson","1881","Ficción","Obra de Stimson, publicada en 1881."
"The Students' Pocket Law-lexicon; Or, Dictionary of Jurisprudence","Henry Gilbert Rawson","1882","Law","Obra de Henry Gilbert Rawson, publicada en 1882."
"Cyclopedia of Law and Procedure","William Mack","1904","Law","Obra de William Mack, publicada en 1904."
"A New Latin Dictionary","Charlton Thomas Lewis","1907","Encyclopedias and dictionaries","Obra de Charlton Thomas Lewis, publicada en 1907."
"Harpers' Latin Dictionary","Ethan Allen Andrews","1907","English language","Obra de Ethan Allen Andrews, publicada en 1907."
"Dictionary of Terms and Phrases Used in American Or English Jurisprudence","Benjamin Vaughan Abbott","1879","Law","Obra de Benjamin Vaughan Abbott, publicada en 1879."
"A Dictionary of Law","Henry Campbell Black","1891","Law","Obra de Henry Campbell Black, publicada en 1891."
"The Law Glossary","Thomas Tayler","1889","English language","Obra de Thomas Tayler, publicada en 1889."
"Children of Fate","Nara B. Milanich","2009","History","Examines the family in late-nineteenth- and early twentieth-century Chile to show how class order and state formation were tied to particular child-rearing conditions and practices."
"Prison Reform in the Phillipines","Ramon Victorio","1927","Ficción","Obra de Ramon Victorio, publicada en 1927."
"P. Ovidi Nasonis Tristivm liber secvndvs","Ovid","1967","Ficción","Obra de Ovid, publicada en 1967."
"A Concise Law Dictionary of Words, Phrases, and Maxims","Frederic Jesup Stimson","1911","Law","Obra de Frederic Jesup Stimson, publicada en 1911."
"Tentative Dictionary of Medieval Spanish","Ralph Steele Boggs","1946","Spanish language","Obra de Ralph Steele Boggs, publicada en 1946."
"Wharton's Law-Lexicon, Forming an Epitome of the Law of England, and Containing Full Explanation of the Technical Terms","Wharton","1892","Ficción","Obra de Wharton, publicada en 1892."
"A Latin Dictionary for Schools","Charlton Thomas Lewis","1889","English language","Obra de Charlton Thomas Lewis, publicada en 1889."
"P. Vergili Maronis Opera: The last six books of the Aeneid. 2d ed., rev. by Henry Nettleship. 1875","Virgil","1875","Ficción","Obra de Virgil, publicada en 1875."
"Two Fists in One Mouth","Meki Zewi","1976","Nigerian drama (English)","Obra de Meki Zewi, publicada en 1976."
"The Law Reports","Great Britain. Parliament. House of Lords","1884","Law reports, digests, etc","Obra de Great Britain. Parliament. House of Lords, publicada en 1884."
"The Constitutional History of England in Its Origin and Development","William Stubbs","1878","Constitutional history","Obra de William Stubbs, publicada en 1878."
"The South African Law Reports. Appellate Division","Sir Alexander Fraser Russell","1925","Law reports, digests, etc","Obra de Sir Alexander Fraser Russell, publicada en 1925."
"The Trial of Adolf Eichmann","Adolf Eichmann","1992","Biography & Autobiography","Presents the full record of the trial's 121 sessions, from 11 April to 15 December 1961. Vol. V also contains the proceedings of the appeal in the Israel Supreme Court in 1962, which upheld the verdi…"
"Procedure","William Taylor Hughes","1905","Appellate procedure","Obra de William Taylor Hughes, publicada en 1905."
"Procedure, Its Theory and Practice","William Taylor Hughes","1905","Appellate procedure","Obra de William Taylor Hughes, publicada en 1905."
"Black's Law Dictionary","Henry Campbell Black","1933","Law","Obra de Henry Campbell Black, publicada en 1933."
"Emendations of Cicero's Verrines","William Peterson","1903","Ficción","Obra de William Peterson, publicada en 1903."
"A Law Dictionary and Glossary","Alexander Mansfield Burrill","1871","Law","Obra de Alexander Mansfield Burrill, publicada en 1871."
"Contributions to Latin Lexicography","Henry Nettleship","1889","Latin language","Obra de Henry Nettleship, publicada en 1889."
"Crimen y castigo","Fiodor Dostoyevski","2006","Literary Collections","Esta novela, una de las más grandes e imperecederas de la literatura universal, contiene dos de los temas característicos de Dostoyevski: la relación entre la culpa y el castigo y la idea de la fuerz…"
"A Juridical Glossary","Adams","1886","Ficción","Obra de Adams, publicada en 1886."
"Meditationes Ad Pandectas","Augustinus Leyserus","2015","History","This work has been selected by scholars as being culturally important, and is part of the knowledge base of civilization as we know it. This work was reproduced from the original artifact, and remain…"
"Criminal Law Manual","Clemence Masango","1995","Criminal law","Obra de Clemence Masango, publicada en 1995."
"Contract in Roman Law","György Diósdi","1981","Contracts (Roman law)","Obra de György Diósdi, publicada en 1981."
"Contributions to Education","George Peabody College for Teachers","1931","Education","Obra de George Peabody College for Teachers, publicada en 1931."
"Law Lexicon Or Dictionary of Jurisprudence","Wharton","1872","Ficción","Obra de Wharton, publicada en 1872."
"A Copious and Critical Latin-English Dictionary","Peter Bullions","1881","English language","Obra de Peter Bullions, publicada en 1881."
"A Latin-English Dictionary","John Tahourdin White","1872","Ficción","Obra de John Tahourdin White, publicada en 1872."
"Commentaries on the Laws of England","William Blackstone","1902","Law","Obra de William Blackstone, publicada en 1902."
"Butterworths Australian Legal Dictionary","Peter Edward Nygh","1997","Law","Containing approximately 20,000 definitions, the AUSTRALIAN LEGAL DICTIONARY is the first comprehensive Australian legal dictionary to be produced and is a landmark publication for the Australian leg…"
"Government Gazette","New South Wales","1907","Gazettes","Obra de New South Wales, publicada en 1907."
"Journal of the Legislative Council","New South Wales. Parliament. Legislative Council","1908","New South Wales","Obra de New South Wales. Parliament. Legislative Council, publicada en 1908."
"Official Gazette","Philippines","1916","Philippines","Obra de Philippines, publicada en 1916."
"A Copious and Critical Latin-English Lexicon","Ethan Allen Andrews","1875","English language","Obra de Ethan Allen Andrews, publicada en 1875."
"Journal","New South Wales. Parliament. Legislative Council","1899","Ficción","Obra de New South Wales. Parliament. Legislative Council, publicada en 1899."
"Crimen y cultura de masas en Francia siglos XIX-XX","Dominique Kalifa","2008","Crime","Obra de Dominique Kalifa, publicada en 2008."
"Crimen y castigo","F'odor M. Dostojevskij","1980","Ficción","Obra de F'odor M. Dostojevskij, publicada en 1980."
"El Crimen de la droga","Raúl Tomás Escobar","1995","Drug traffic","Obra de Raúl Tomás Escobar, publicada en 1995."
"El cuádruple crimen de La Plata","Fernando Tocho","2014","Crime","Obra de Fernando Tocho, publicada en 2014."
"Crimen y Castigo","Fiodor Dostoiewsky","2016","Ficción","rimen y castigo (1866), considerada por la crítica como la primera obra maestra de Dostoievski, es un profundo análisis psicológico de su protagonista, el joven estudiante Raskolnikov, cuya firme cre…"
"Un crimen ""dormido""","Agatha Christie","1983","Fiction","Obra de Agatha Christie, publicada en 1983."
"El Crimen","J.C. Delgado Cornejo","2025","Fiction","El Crimen: Sin Escape es un thriller intenso y envolvente que te mantendrá al borde del asiento.En la Ciudad Central, donde una tormqenta de nieve azota sin piedad, el detective David Pereira se enfr…"
"La ciencia contra el crimen","Janire Ramila Sanchez","2010","Social Science","?Con un estilo ameno y riguroso, la autora se remonta al pasado para mostrarnos el progreso de la investigación científica a lo largo de la historia, hasta llegar a la actualidad.? (Blog Me gustan lo…"
"Crimen y castigo","Fiodor Mijaïlovich Dostoevskiï","2011","Education","Raskólnikov, un estudiante que vive en San Petersburgo, elabora una filosofía de vida radical (raskolnik significa 'cismático' en ruso) que le lleva a una conclusión: asesinar a una vieja usurera par…"
"Asesinatos sin Resolver","Blake Aguilar","2021","Ficción","¿Te has preguntado cuáles son los crímenes que han dejado perturbado y confundido al mundo? ""Estoy seguro que a cualquiera le gusta un buen crimen, siempre que no sea la víctima."" - Alfred Hitchcock…"
"Crimen organizado, corrupción y terrorismo","José María Peláez Mejía","2017","Law","Contenido: Sección I: Aspectos dogmáticos. El injusto típico de tortura. Derecho comparado: Argentina y Colombia. Visión hermenéutica y dogmática para la imputación; Sección II: Aspectos procesales.…"
"En escena: La vida de un CSI","Diana Herweck","2013","Juvenile Nonfiction","Come find out what professional Crime Scene investigators do to solve a crime in this inspiring Spanish-translated nonfiction reader! In conjunction with detailed images and fascinating facts, reader…"
"Crimen y violencia en América Latina","Pablo Fajnzylber","2001","Violent crimes","Obra de Pablo Fajnzylber, publicada en 2001."
"Mentes Peligrosas","Dr. Siegfried Castell Britton","2025","Social Science","Mentes Peligrosas: Psicología del dolor, del crimen y de la reparación es una obra profunda y conmovedora que une la ciencia con la compasión para explorar las raíces humanas del delito. Escrita por…"
"Crimen de estado","Gregorio Ortega","2009","Mexican fiction","In eve of the presidential change-over, the banking is nationalized, and by means of a President's decree, the currency is devaluated in more than a hundred percent, the inflation goes up to three di…"
"El concepto de violencia en el crimen de violación y el problema del no consentimiento","Ana Folhadela","2019","Law","Sinopsis El concepto de violencia en el crimen de violación y el problema del no consentimiento es un libro técnico-jurídico, basado en la tesis de maestría de la autora, defendido el 25 de marzo del…"
"Desmontando el crimen perfecto","Mayka Navarro","2019","True Crime","Fue la mujer encargada de limpiar el apartamento que se alquilaba por días en el barrio de Gràcia de Barcelona, quien la mañana del 21 de febrero del 2008 descubrió el cuerpo sin vida de Ana María Pá…"
"El G 9 de las mafias en el mundo","Jean-François Gayraud","2007","Education","Un alto cargo policial europeo expone los tent&áculos de las mafias del todo el mundo y sus nuevas formas en la era de la globalizaci&ón. &¿Qu&é es una mafia? &¿En qu&é se diferencia de una banda cri…"
"El crimen de Vindoria","Rosa del Carmen Álvarez Campal","2010","Ficción","Obra de Rosa del Carmen Álvarez Campal, publicada en 2010."
"Las mujeres y las políticas del lugar","Wendy Harcourt","2007","Historia testimonial argentina","Obra de Wendy Harcourt, publicada en 2007."
"Directrices para la elaboración de políticas de recursos educativos abiertos","UNESCO","2020","Ficción","En los últimos 20 años, el concepto de recursos educativos abiertos ha pasado de ser un término poco definido, que se refería a los programas didácticos de libre acceso, a formar parte de las estrate…"
"Ciencias Políticas","Fouad Sabry","2024","Political Science","¿Qué es la ciencia política? ""Ciencias Políticas"" ofrece una descripción general completa del campo, que abarca teorías, metodologías y cuestiones contemporáneas clave. Esta guía esencial proporciona…"
"Experiencia, doctrinas políticas y derecho público","Castellano, Danilo","2023","Law","El profesor Juan Fernando Segovia, doctor en Derecho y en Historia, investigador del CONICET, profesor en distintos momentos y durante cuarenta y cinco años en la Universidad Nacional de Cuyo y en la…"
"Pobreza, crecimiento económico y políticas sociales","Mauricio Olavarría Gambi","2005","Business & Economics","La visi?n dominante sobre la reducci?n de la pobreza ?normalmente promovida por los economistas? indica que a trav?s del crecimiento econ?mico se lograr? tal prop?sito. Aunque el crecimiento es una h…"
"La libertad política","Justino Jiménez de Aréchaga","1884","Constitutional law","Obra de Justino Jiménez de Aréchaga, publicada en 1884."
"La política Argentina respecto de Chile (1895-1898)","Ernesto Quesada","1898","Argentina","Obra de Ernesto Quesada, publicada en 1898."
"Política cultural en los países latinoamericanos","Alfredo Colmo","1925","Latin America","Obra de Alfredo Colmo, publicada en 1925."
"La cuestión política en sus relaciones con la cuestión religiosa ó sea el catolicismo, el racionalismo y el liberalismo","Vicente Balaguer Llacer","1872","Ficción","Obra de Vicente Balaguer Llacer, publicada en 1872."
"La política en México","Roderic A. Camp","1995","Mexico","Basada en la historia de México y en una extensa investigación de campo, esta introducción a la política de México examina las raíces de la cultura política contemporánea. No sólo explora la cultura…"
"La moral aplicada á la politica","Francisco Lieber","1887","Ficción","Obra de Francisco Lieber, publicada en 1887."
"La política de la gestión de crisis","Arjen Boin","2007","Education","Obra de Arjen Boin, publicada en 2007."
"Antología de estudios de política y relaciones internacionales. Volumen 1","Reynaldo Yunuen Ortega","2022","Political Science","A lo largo de más de medio siglo, Foro Internacional ha reflejado, oportuna y fielmente, los grandes debates alrededor de la ciencia política y de las relaciones internacionales, y de las muy diversa…"
"Juicio político del año 1834 por Bartolomé José Gallardo","Bartolomé José Gallardo","1919","Spain","Obra de Bartolomé José Gallardo, publicada en 1919."
"Mi año político","Alberto Palomeque","1894","Uruguay","Obra de Alberto Palomeque, publicada en 1894."
"Antología de las Cortes de 1879 y 1881","Spain. Cortes","1912","Spain","Obra de Spain. Cortes, publicada en 1912."
"Action research and education in contexts of poverty","João Francisco de Souza","2007","Education","Obra de João Francisco de Souza, publicada en 2007."
"Actes","Anders Jølstad","2000","Historiography","Obra de Anders Jølstad, publicada en 2000."
"Elite, tecnocracia y movilidad política en México","Francisco Suárez Farías","1991","Political Science","Obra de Francisco Suárez Farías, publicada en 1991."
"Monthly Bulletin","National Library (Philippines)","1912","Ficción","Obra de National Library (Philippines), publicada en 1912."
"Diario de sesiones de las Córtes constituyentes de la República española","Spain. Cortes Constituyentes (1873-1874)","1874","Spain","Obra de Spain. Cortes Constituyentes (1873-1874), publicada en 1874."
"El Indio ecuatoriano","Pío Jaramillo Alvarado","1922","Ecuador","Obra de Pío Jaramillo Alvarado, publicada en 1922."
"The Bancroft library","University of California, Berkeley. Library","1930","Latin America","Obra de University of California, Berkeley. Library, publicada en 1930."
"Diario de los debates","Mexico. Congreso. Cámara de Diputados","1920","Mexico","Obra de Mexico. Congreso. Cámara de Diputados, publicada en 1920."
"Diario Oficial","Colombia","1964","Law","Obra de Colombia, publicada en 1964."
"The New Sabin","Lawrence Sidney Thompson","1974","America","Obra de Lawrence Sidney Thompson, publicada en 1974."
"Calendar of Peru : fiesta times","Javier Silva Meinel","1998","Festivals","Obra de Javier Silva Meinel, publicada en 1998."
"International Labour Documentation","International Labour Office. Bureau of Library and Information Services","2001","Labor","Obra de International Labour Office. Bureau of Library and Information Services, publicada en 2001."
"Redactor","Bolivia. Congreso Nacional","1921","Ficción","Some vols. include the ordinary and extraordinary sessions."
"Historia general militar","Angel Isaac Chiriboga Navarro Chiriboga N.","1923","Military art and science","Obra de Angel Isaac Chiriboga Navarro Chiriboga N., publicada en 1923."
"Obras completas de don J. V. Lastarria: Proyectos de lei i discursos parlamentarios. 1.-4. ser","José Victorino Lastarria","1907","Chile","Obra de José Victorino Lastarria, publicada en 1907."
"Historia politica y militar de las repúblicas del Plata desde el año de 1828 hasta el de 1866","Antonio Diaz","1878","Argentina","Obra de Antonio Diaz, publicada en 1878."
"Unsettling Statecraft","Catherine M Conaghan","1994","History","Latin America in the 1980s was marked by the transition to democracy and a turn toward economic orthodoxy. Unsettling Statecraft analyzes this transition in Bolivia, Ecuador, and Peru, focusing on th…"
"Ensaios","António Sérgio","1946","Ficción","Obra de António Sérgio, publicada en 1946."
"Bulletin","Pan American Union","1922","Ficción","Obra de Pan American Union, publicada en 1922."
"Tratado de derecho penal","Joseph-Louis-Elzéar Ortolan","1878","Criminal law","Obra de Joseph-Louis-Elzéar Ortolan, publicada en 1878."
"Report of Activities of the Commission Since ...","United Nations. Economic Commission for Latin America and the Caribbean","1992","Caribbean Area","Obra de United Nations. Economic Commission for Latin America and the Caribbean, publicada en 1992."
"The Indian in Spanish America","Jack J. Himelblau","1994","History","Obra de Jack J. Himelblau, publicada en 1994."
"The Economic Literature of Latin America","Harvard University. Bureau for Economic Research in Latin America","1935","Economics","Obra de Harvard University. Bureau for Economic Research in Latin America, publicada en 1935."
"Diario oficial","El Salvador","1945","Law","Obra de El Salvador, publicada en 1945."
"A música brasileira e seus fundamentos","Luiz Heitor Corrêa de Azevedo","1948","Music","Obra de Luiz Heitor Corrêa de Azevedo, publicada en 1948."
"Industrialists, State, and Industrialization in Ecuador","Jorge Hidrobo Estrada","1990","Ecuador","This study examines the role of industrialists in the social, political, and economic affairs of Ecuador."
"Explaining Ireland's Development","Peadar Kirby","2008","Ireland","An explanation of Ireland's recent economic growth."
"Actas","Argentina. Congreso de la Nación. Cámara de Diputados de la Nación","1929","Argentina","Obra de Argentina. Congreso de la Nación. Cámara de Diputados de la Nación, publicada en 1929."
"Historia de la interinidad y guerra civil de España desde 1868","Ildefonso Antonio Bermejo","1877","Ficción","Obra de Ildefonso Antonio Bermejo, publicada en 1877."
"A Catalogue of the Greenlee Collection, the Newberry Library, Chicago","Newberry Library","1970","Portugal","Obra de Newberry Library, publicada en 1970."
"Descartes","Universidad de Buenos Aires. Instituto de Filosofía","1937","Philosophy","Obra de Universidad de Buenos Aires. Instituto de Filosofía, publicada en 1937."
"Historia del primero y segundo congresos constitucionales de la Republica Mexicana ...","Felipe Buenrostro","1882","Constitutional history","Obra de Felipe Buenrostro, publicada en 1882."
"Historia de la interinidad y guerra civil de España desde 1868","Bermejo","1876","Ficción","Obra de Bermejo, publicada en 1876."
"Relaciones entre España y la Gran Bretaña desde las paces de Utrecht hasta nuestros dias","Mariano Marfil García","1907","Great Britain","Obra de Mariano Marfil García, publicada en 1907."
"Catón político","Roque Bárcia Ferraces de la Cueva","1884","Political science","Obra de Roque Bárcia Ferraces de la Cueva, publicada en 1884."
"Antecedentes político-diplomáticos de la expedición española á México (1836-62).","Antonio García Pérez","1904","Mexico","Obra de Antonio García Pérez, publicada en 1904."
"Revolution and Structural Change in Latin America","Ronald H. Chilcote","1970","Latin America","Annotated bibliography of books, pamphlets, articles, and periodicals published between 1930 and 1965 that documents patterns of revolution, structural change, and radicalism in Latin America."
"Guía de Las Naciones Unidas de Organismos E Instituciones Que Se Ocupan de la Administración Pública Y Finanzas","United Nations. Department for Development Support and Management Services. Division for Governance, Public Administration, and Finance","1997","Business & Economics","This directory provides information relating to national policy formation; national planning & development; coordination of technical cooperation; administrative reform & management improvement on 42…"
"Boletín histórico","Uruguay. Ejército. Estado Mayor General","1929","Military art and science","Obra de Uruguay. Ejército. Estado Mayor General, publicada en 1929."
"La inmigración después de la guerra","Museo Social Argentino (Buenos Aires, Argentina). Universidad","1919","Argentina","Obra de Museo Social Argentino (Buenos Aires, Argentina). Universidad, publicada en 1919."
"Escritos de Don Nicolas Victoria Jaen","Nicolas Victoria Jaen","1924","Ficción","Obra de Nicolas Victoria Jaen, publicada en 1924."
"Cuba","Carlos de Sedano y Cruzat","1872","Cuba","Obra de Carlos de Sedano y Cruzat, publicada en 1872."
"Discurso","Universidad Complutense de Madrid","1904","Ficción","Obra de Universidad Complutense de Madrid, publicada en 1904."
"Lecciones de historia argentina","Ricardo Levene","1927","Argentina","Obra de Ricardo Levene, publicada en 1927."
"Human Rights Regimes in the Americas","Mónica Serrano","2010","Political Science","The Americas have witnessed considerable progress in the field of human rights. Although painful legacies persist, large-scale, systematic human rights violations of the kind common during Latin Amer…"
"Biennial Report","United Nations. Economic Commission for Latin America and the Caribbean","1992","Caribbean Area","Obra de United Nations. Economic Commission for Latin America and the Caribbean, publicada en 1992."
"Cuba in Transition","Association for the Study of the Cuban Economy. Meeting","2005","Cuba","Obra de Association for the Study of the Cuban Economy. Meeting, publicada en 2005."
"Spain and Spanish America in the Libraries of the University of California: The Bancroft library","University of California, Berkeley. Library","1930","Latin America","Obra de University of California, Berkeley. Library, publicada en 1930."
"Revista contemporánea","José de Cárdenas (Madrid)","1875","Ficción","Obra de José de Cárdenas (Madrid), publicada en 1875."